dataset_id,contrast,program_id,lineage,composition_stable,minimum_magnitude_retention,both_adjusted_intervals_positive
GSE244832,mash_f2f4_group_vs_normal_sensitivity,RAM2019_ENDO_1,endothelial,True,1.6491696932949191,False
GSE244832,mash_f2f4_group_vs_normal_sensitivity,RAM2019_ENDO_2,endothelial,True,0.9830241986891413,False
GSE244832,mash_f2f4_group_vs_normal_sensitivity,RAM2019_ENDO_3,endothelial,False,0.3857920074871613,False
GSE244832,mash_f2f4_group_vs_normal_sensitivity,RAM2019_ENDO_4,endothelial,False,0.3559070156927112,False
GSE244832,mash_f2f4_group_vs_normal_sensitivity,RAM2019_ENDO_5,endothelial,True,1.203365475020913,False
GSE244832,mash_f2f4_group_vs_normal_sensitivity,RAM2019_ENDO_6_SAENDO1,endothelial,True,0.982796429221022,True
GSE244832,mash_f2f4_group_vs_normal_sensitivity,RAM2019_ENDO_7_SAENDO2,endothelial,True,0.9504416727472076,False
GSE244832,mash_f2f4_group_vs_normal_sensitivity,RAM2019_MAC_SIG_A_SAM,macrophage_monocyte,True,0.8942622750929624,False
GSE244832,mash_f2f4_group_vs_normal_sensitivity,RAM2019_MAC_SIG_B_SAM,macrophage_monocyte,False,0.5150231897566455,False
GSE244832,mash_f2f4_group_vs_normal_sensitivity,RAM2019_MAC_SIG_C_KC,macrophage_monocyte,True,3.2083924955454344,False
GSE244832,mash_f2f4_group_vs_normal_sensitivity,RAM2019_MAC_SIG_D_TMO,macrophage_monocyte,False,0.5920720522905851,False
GSE244832,mash_f2f4_group_vs_normal_sensitivity,RAM2019_MAC_SIG_E_TMO,macrophage_monocyte,False,0.620745813631633,False
GSE244832,mash_f2f4_group_vs_normal_sensitivity,RAM2019_MAC_SIG_F_CDC1,macrophage_monocyte,True,0.7669817312278873,False
GSE244832,mash_f2f4_group_vs_normal_sensitivity,RAM2019_MES_HSC,mesenchymal_hsc_myofibroblast,False,0.40230723309426375,False
GSE244832,mash_f2f4_group_vs_normal_sensitivity,RAM2019_MES_MESOTHELIAL,mesenchymal_hsc_myofibroblast,False,0.10657708312589964,False
GSE244832,mash_f2f4_group_vs_normal_sensitivity,RAM2019_MES_SAMES,mesenchymal_hsc_myofibroblast,False,0.3930665115449721,False
GSE244832,mash_f2f4_group_vs_normal_sensitivity,RAM2019_MES_VSMC,mesenchymal_hsc_myofibroblast,True,1.8981241814096856,False
GSE244832,mash_f2f4_group_vs_normal_sensitivity,RAM2019_SAMES_A,mesenchymal_hsc_myofibroblast,False,0.19875088323480186,False
GSE244832,mash_f2f4_group_vs_normal_sensitivity,RAM2019_SAMES_B,mesenchymal_hsc_myofibroblast,False,0.22571370927377885,False
GSE256398,alcohol_cirrhosis_vs_healthy,RAM2019_ENDO_1,endothelial,True,0.7296840730690866,False
GSE256398,alcohol_cirrhosis_vs_healthy,RAM2019_ENDO_2,endothelial,True,1.111333516942862,True
GSE256398,alcohol_cirrhosis_vs_healthy,RAM2019_ENDO_3,endothelial,False,0.3564807725656152,False
GSE256398,alcohol_cirrhosis_vs_healthy,RAM2019_ENDO_4,endothelial,False,0.5263951191401786,False
GSE256398,alcohol_cirrhosis_vs_healthy,RAM2019_ENDO_5,endothelial,True,1.4084732772749113,False
GSE256398,alcohol_cirrhosis_vs_healthy,RAM2019_ENDO_6_SAENDO1,endothelial,True,1.1164570340974078,True
GSE256398,alcohol_cirrhosis_vs_healthy,RAM2019_ENDO_7_SAENDO2,endothelial,True,1.4282287133201579,False
GSE256398,alcohol_cirrhosis_vs_healthy,RAM2019_MAC_SIG_A_SAM,macrophage_monocyte,True,1.334468036277616,False
GSE256398,alcohol_cirrhosis_vs_healthy,RAM2019_MAC_SIG_B_SAM,macrophage_monocyte,False,0.3916899282308393,False
GSE256398,alcohol_cirrhosis_vs_healthy,RAM2019_MAC_SIG_C_KC,macrophage_monocyte,False,0.6271326236420907,False
GSE256398,alcohol_cirrhosis_vs_healthy,RAM2019_MAC_SIG_D_TMO,macrophage_monocyte,False,0.5714964374272389,False
GSE256398,alcohol_cirrhosis_vs_healthy,RAM2019_MAC_SIG_E_TMO,macrophage_monocyte,False,0.028432077614678662,False
GSE256398,alcohol_cirrhosis_vs_healthy,RAM2019_MAC_SIG_F_CDC1,macrophage_monocyte,False,0.3477818234229896,False
GSE256398,alcohol_cirrhosis_vs_healthy,RAM2019_MES_HSC,mesenchymal_hsc_myofibroblast,False,0.21837454234706088,False
GSE256398,alcohol_cirrhosis_vs_healthy,RAM2019_MES_MESOTHELIAL,mesenchymal_hsc_myofibroblast,True,0.8936011137488409,False
GSE256398,alcohol_cirrhosis_vs_healthy,RAM2019_MES_SAMES,mesenchymal_hsc_myofibroblast,True,0.8953850216059457,False
GSE256398,alcohol_cirrhosis_vs_healthy,RAM2019_MES_VSMC,mesenchymal_hsc_myofibroblast,True,1.0427055349245002,False
GSE256398,alcohol_cirrhosis_vs_healthy,RAM2019_SAMES_A,mesenchymal_hsc_myofibroblast,True,0.9033910050954456,False
GSE256398,alcohol_cirrhosis_vs_healthy,RAM2019_SAMES_B,mesenchymal_hsc_myofibroblast,True,0.7841269147559096,False
GSE256398,mash_cirrhosis_vs_healthy,RAM2019_ENDO_1,endothelial,True,1.0046099403659712,False
GSE256398,mash_cirrhosis_vs_healthy,RAM2019_ENDO_2,endothelial,True,0.9994366682470717,False
GSE256398,mash_cirrhosis_vs_healthy,RAM2019_ENDO_3,endothelial,False,0.6726319685012132,False
GSE256398,mash_cirrhosis_vs_healthy,RAM2019_ENDO_4,endothelial,True,1.2946402403544375,False
GSE256398,mash_cirrhosis_vs_healthy,RAM2019_ENDO_5,endothelial,True,1.0637561039903138,False
GSE256398,mash_cirrhosis_vs_healthy,RAM2019_ENDO_6_SAENDO1,endothelial,True,0.9838465779283903,True
GSE256398,mash_cirrhosis_vs_healthy,RAM2019_ENDO_7_SAENDO2,endothelial,True,1.0149808184520899,False
GSE256398,mash_cirrhosis_vs_healthy,RAM2019_MAC_SIG_A_SAM,macrophage_monocyte,True,1.189006162315176,True
GSE256398,mash_cirrhosis_vs_healthy,RAM2019_MAC_SIG_B_SAM,macrophage_monocyte,True,0.7019518181410466,False
GSE256398,mash_cirrhosis_vs_healthy,RAM2019_MAC_SIG_C_KC,macrophage_monocyte,True,0.7614127521776326,False
GSE256398,mash_cirrhosis_vs_healthy,RAM2019_MAC_SIG_D_TMO,macrophage_monocyte,False,0.4986731886933281,False
GSE256398,mash_cirrhosis_vs_healthy,RAM2019_MAC_SIG_E_TMO,macrophage_monocyte,True,1.826706231148001,False
GSE256398,mash_cirrhosis_vs_healthy,RAM2019_MAC_SIG_F_CDC1,macrophage_monocyte,True,1.4081110785542197,False
GSE256398,mash_cirrhosis_vs_healthy,RAM2019_MES_HSC,mesenchymal_hsc_myofibroblast,False,0.07068333184551855,False
GSE256398,mash_cirrhosis_vs_healthy,RAM2019_MES_MESOTHELIAL,mesenchymal_hsc_myofibroblast,False,0.37293785808589425,False
GSE256398,mash_cirrhosis_vs_healthy,RAM2019_MES_SAMES,mesenchymal_hsc_myofibroblast,False,0.35705458510220295,False
GSE256398,mash_cirrhosis_vs_healthy,RAM2019_MES_VSMC,mesenchymal_hsc_myofibroblast,False,0.5472421545363964,False
GSE256398,mash_cirrhosis_vs_healthy,RAM2019_SAMES_A,mesenchymal_hsc_myofibroblast,False,0.5846385200495342,False
GSE256398,mash_cirrhosis_vs_healthy,RAM2019_SAMES_B,mesenchymal_hsc_myofibroblast,False,0.5836670759551641,False
GSE256398,mash_fibrosis_vs_masld_f0,RAM2019_ENDO_1,endothelial,False,0.3846619696850004,False
GSE256398,mash_fibrosis_vs_masld_f0,RAM2019_ENDO_2,endothelial,True,0.8978905546994586,False
GSE256398,mash_fibrosis_vs_masld_f0,RAM2019_ENDO_3,endothelial,True,0.7231295189500967,False
GSE256398,mash_fibrosis_vs_masld_f0,RAM2019_ENDO_4,endothelial,False,1.1179168061317892,False
GSE256398,mash_fibrosis_vs_masld_f0,RAM2019_ENDO_5,endothelial,True,1.0135679826617878,False
GSE256398,mash_fibrosis_vs_masld_f0,RAM2019_ENDO_6_SAENDO1,endothelial,True,1.1523993555153746,False
GSE256398,mash_fibrosis_vs_masld_f0,RAM2019_ENDO_7_SAENDO2,endothelial,True,0.7400979129276868,False
GSE256398,mash_fibrosis_vs_masld_f0,RAM2019_MAC_SIG_A_SAM,macrophage_monocyte,True,0.9777914526787648,False
GSE256398,mash_fibrosis_vs_masld_f0,RAM2019_MAC_SIG_B_SAM,macrophage_monocyte,False,0.22449478374555532,False
GSE256398,mash_fibrosis_vs_masld_f0,RAM2019_MAC_SIG_C_KC,macrophage_monocyte,True,0.8122951041294502,False
GSE256398,mash_fibrosis_vs_masld_f0,RAM2019_MAC_SIG_D_TMO,macrophage_monocyte,False,0.4896119918076923,False
GSE256398,mash_fibrosis_vs_masld_f0,RAM2019_MAC_SIG_E_TMO,macrophage_monocyte,False,0.5904219486679425,False
GSE256398,mash_fibrosis_vs_masld_f0,RAM2019_MAC_SIG_F_CDC1,macrophage_monocyte,True,4.312117340787671,False
GSE256398,mash_fibrosis_vs_masld_f0,RAM2019_MES_HSC,mesenchymal_hsc_myofibroblast,True,1.9923701240611207,False
GSE256398,mash_fibrosis_vs_masld_f0,RAM2019_MES_MESOTHELIAL,mesenchymal_hsc_myofibroblast,True,4.504876324459158,False
GSE256398,mash_fibrosis_vs_masld_f0,RAM2019_MES_SAMES,mesenchymal_hsc_myofibroblast,False,0.2627140834920529,False
GSE256398,mash_fibrosis_vs_masld_f0,RAM2019_MES_VSMC,mesenchymal_hsc_myofibroblast,False,0.6795008596369899,False
GSE256398,mash_fibrosis_vs_masld_f0,RAM2019_SAMES_A,mesenchymal_hsc_myofibroblast,False,0.655529135089254,False
GSE256398,mash_fibrosis_vs_masld_f0,RAM2019_SAMES_B,mesenchymal_hsc_myofibroblast,False,0.15542433424363777,False
