analysis_set,lineage,program_id,score_method,n_donors,n_stages,stage_min,stage_max,spearman_rho,spearman_bootstrap_ci95_low,spearman_bootstrap_ci95_high,permutation_p_two_sided,standardized_score_slope_per_stage,hc3_se,hc3_ci95_low,hc3_ci95_high,resamples,fdr_bh,positive_fdr_005,dual_score_positive_fdr_005
non_end_stage_primary_exploratory,endothelial,RAM2019_ENDO_1,singscore,39,5,0,4,-0.06886131020261946,-0.4149348267464405,0.2840420275945378,0.6742325767423257,-0.08206385625542856,0.16289013517186712,-0.4013285211922881,0.237200808681431,10000,0.8707529247075292,False,False
non_end_stage_primary_exploratory,endothelial,RAM2019_ENDO_1,standardized_mean,39,5,0,4,-0.06969472999327143,-0.4146850955052853,0.2878802515107,0.6742325767423257,-0.09333076206697581,0.1674552622697035,-0.42154307611559466,0.234881551981643,10000,0.8707529247075292,False,False
non_end_stage_primary_exploratory,endothelial,RAM2019_ENDO_2,singscore,39,5,0,4,0.10386494141000242,-0.24959696571406292,0.43406865776518183,0.5315468453154685,0.11840986179063177,0.155913816028585,-0.1871812176253948,0.4240009412066584,10000,0.8707529247075292,False,False
non_end_stage_primary_exploratory,endothelial,RAM2019_ENDO_2,standardized_mean,39,5,0,4,0.04458795879988068,-0.2941598775325474,0.37667308798902766,0.794020597940206,0.07805299377478066,0.16137993169753687,-0.23825167235239159,0.3943576599019529,10000,0.9005849415058493,False,False
non_end_stage_primary_exploratory,endothelial,RAM2019_ENDO_3,singscore,39,5,0,4,-0.09230124181470627,-0.39274787356977237,0.23572240354576396,0.5686431356864313,-0.04022245502635288,0.10902554994685172,-0.25391253292218224,0.17346762286947648,10000,0.8707529247075292,False,False
non_end_stage_primary_exploratory,endothelial,RAM2019_ENDO_3,standardized_mean,39,5,0,4,-0.03219083941393255,-0.3470111501864315,0.3028975455582669,0.8489151084891511,-0.05029505649870799,0.11907653386999258,-0.28368506288389345,0.18309494988647745,10000,0.9260892092608921,False,False
non_end_stage_primary_exploratory,endothelial,RAM2019_ENDO_4,singscore,39,5,0,4,0.08084171969324161,-0.2766421675865807,0.4338833081035673,0.618938106189381,0.07970163320189531,0.15172076048453292,-0.2176710573477892,0.37707432375157984,10000,0.8707529247075292,False,False
non_end_stage_primary_exploratory,endothelial,RAM2019_ENDO_4,standardized_mean,39,5,0,4,0.07979994495492664,-0.2716113102170627,0.4345303372017242,0.6299370062993701,0.09726701913317744,0.1600320498110681,-0.21639579849651608,0.4109298367628709,10000,0.8707529247075292,False,False
non_end_stage_primary_exploratory,endothelial,RAM2019_ENDO_5,singscore,39,5,0,4,0.017605993077522978,-0.3128093377335976,0.34337736100352056,0.9192080791920808,-0.0247659853346009,0.1487459653256265,-0.31630807737282884,0.26677610670362706,10000,0.9454711671689974,False,False
non_end_stage_primary_exploratory,endothelial,RAM2019_ENDO_5,standardized_mean,39,5,0,4,0.08052918727174711,-0.2671970977414118,0.4079443020323317,0.6198380161983802,0.10281057545860027,0.15382882572937853,-0.19869392297098165,0.4043150738881822,10000,0.8707529247075292,False,False
non_end_stage_primary_exploratory,endothelial,RAM2019_ENDO_6_SAENDO1,singscore,39,5,0,4,0.1788727225686802,-0.1412125795117414,0.4653381576877732,0.2833716628337166,0.22506155544178036,0.15060534712600757,-0.07012492492519445,0.5202480358087551,10000,0.7286699901438427,False,False
non_end_stage_primary_exploratory,endothelial,RAM2019_ENDO_6_SAENDO1,standardized_mean,39,5,0,4,0.19356174637892126,-0.15683010738761644,0.5275235730095419,0.23457654234576542,0.14641686394649717,0.14996657313994063,-0.14751761940778646,0.4403513473007808,10000,0.6656565112719497,False,False
non_end_stage_primary_exploratory,macrophage_monocyte,RAM2019_MAC_SIG_A_SAM,singscore,20,5,0,4,0.14006448446161932,-0.3146011441870213,0.559936839406857,0.5568443155684432,0.1130124531867473,0.21424945937069206,-0.3069164871798091,0.5329413935533037,10000,0.8707529247075292,False,False
non_end_stage_primary_exploratory,macrophage_monocyte,RAM2019_MAC_SIG_A_SAM,standardized_mean,20,5,0,4,0.4045437903165206,-0.09039630427487048,0.7639960586612267,0.07279272072792721,0.35946484369716236,0.21004780489688468,-0.05222885390073162,0.7711585412950563,10000,0.37436256374362564,False,False
non_end_stage_primary_exploratory,macrophage_monocyte,RAM2019_MAC_SIG_B_SAM,singscore,20,5,0,4,-0.11502502355227956,-0.5432047097919527,0.39737891640168777,0.6345365463453655,-0.1501668776139078,0.20397075698175943,-0.5499495612981562,0.24961580607034067,10000,0.8707529247075292,False,False
non_end_stage_primary_exploratory,macrophage_monocyte,RAM2019_MAC_SIG_B_SAM,standardized_mean,20,5,0,4,-0.0015649663068337354,-0.46738928849050804,0.47035510781703094,0.9964003599640036,-0.032316500173331916,0.1884970325017847,-0.40177068387682996,0.3371376835301661,10000,0.9964003599640036,False,False
non_end_stage_primary_exploratory,macrophage_monocyte,RAM2019_MAC_SIG_C_KC,singscore,20,5,0,4,-0.40845620608360494,-0.7896730804666667,0.10412788025674335,0.06969303069693031,-0.48387368957743876,0.21296607090998723,-0.9012871885610138,-0.06646019059386377,10000,0.37436256374362564,False,False
non_end_stage_primary_exploratory,macrophage_monocyte,RAM2019_MAC_SIG_C_KC,standardized_mean,20,5,0,4,-0.5031366676470459,-0.8123920019279626,-0.037849516727592285,0.023797620237976203,-0.46918284493660783,0.18892735594592608,-0.8394804625906229,-0.09888522728259275,10000,0.37436256374362564,False,False
non_end_stage_primary_exploratory,macrophage_monocyte,RAM2019_MAC_SIG_D_TMO,singscore,20,5,0,4,-0.0993753604839422,-0.4937055258990062,0.34953896323780226,0.6782321767823217,-0.11213671548414647,0.16971696609553047,-0.4447819690313862,0.22050853806309326,10000,0.8707529247075292,False,False
non_end_stage_primary_exploratory,macrophage_monocyte,RAM2019_MAC_SIG_D_TMO,standardized_mean,20,5,0,4,0.2715216542356531,-0.1400006855168506,0.6194706629943285,0.24037596240375964,0.23766913732646797,0.1624160587866617,-0.08066633789538899,0.5560046125483249,10000,0.6656565112719497,False,False
non_end_stage_primary_exploratory,macrophage_monocyte,RAM2019_MAC_SIG_E_TMO,singscore,20,5,0,4,-0.4397555322202797,-0.6969809416732335,-0.05171375595769993,0.05629437056294371,-0.36037094481327503,0.18284221173569495,-0.7187416798152371,-0.0020002098113129363,10000,0.37436256374362564,False,False
non_end_stage_primary_exploratory,macrophage_monocyte,RAM2019_MAC_SIG_E_TMO,standardized_mean,20,5,0,4,-0.29108373307107477,-0.6415055659489701,0.14236435079582427,0.2131786821317868,-0.18571416239356492,0.19308967307076544,-0.5641699216122651,0.1927415968251353,10000,0.6656565112719497,False,False
non_end_stage_primary_exploratory,macrophage_monocyte,RAM2019_MAC_SIG_F_CDC1,singscore,20,5,0,4,0.03208180929009158,-0.4068705960616841,0.4469982987548725,0.8933106689331067,-0.020075029008332884,0.18247557957270258,-0.3777271649708299,0.3375771069541642,10000,0.9454711671689974,False,False
non_end_stage_primary_exploratory,macrophage_monocyte,RAM2019_MAC_SIG_F_CDC1,standardized_mean,20,5,0,4,0.2034456198883856,-0.27571432724295986,0.6289545042238432,0.38016198380161986,0.19346045679835755,0.19856450414162888,-0.19572597131923503,0.5826468849159501,10000,0.8553644635536447,False,False
non_end_stage_primary_exploratory,mesenchymal_hsc_myofibroblast,RAM2019_MES_HSC,singscore,24,5,0,4,-0.05269144651774246,-0.40742068954808996,0.3107019429753117,0.8005199480051994,-0.041082115748862516,0.15130867740206858,-0.3376471234569169,0.2554828919591919,10000,0.9005849415058493,False,False
non_end_stage_primary_exploratory,mesenchymal_hsc_myofibroblast,RAM2019_MES_HSC,standardized_mean,24,5,0,4,-0.14122720886966533,-0.463322046790055,0.23578288456241828,0.5070492950704929,-0.11184681373476205,0.15965521589949483,-0.42477103689777196,0.20107740942824784,10000,0.8707529247075292,False,False
non_end_stage_primary_exploratory,mesenchymal_hsc_myofibroblast,RAM2019_MES_MESOTHELIAL,singscore,24,5,0,4,0.37436418859101767,-0.020556458752967948,0.6885838955139323,0.06989301069893011,0.37489852686534897,0.19441769028139566,-0.006160146086186535,0.7559571998168845,10000,0.37436256374362564,False,False
non_end_stage_primary_exploratory,mesenchymal_hsc_myofibroblast,RAM2019_MES_MESOTHELIAL,standardized_mean,24,5,0,4,0.5855324913770887,0.19956969291663137,0.8474999871866598,0.003999600039996,0.5092907776423328,0.16504554299257967,0.18580151337687661,0.8327800419077889,10000,0.143985601439856,False,False
non_end_stage_primary_exploratory,mesenchymal_hsc_myofibroblast,RAM2019_MES_SAMES,singscore,24,5,0,4,0.2667625056427012,-0.16770934517248734,0.6363133401299695,0.20327967203279673,0.269115875746249,0.19586421234347173,-0.11477798044695559,0.6530097319394537,10000,0.6656565112719497,False,False
non_end_stage_primary_exploratory,mesenchymal_hsc_myofibroblast,RAM2019_MES_SAMES,standardized_mean,24,5,0,4,0.32325338919056734,-0.12170629475682053,0.6693584586434127,0.11938806119388061,0.31294896280360157,0.18296003122857418,-0.045652698404403835,0.6715506240116069,10000,0.4875512448755124,False,False
non_end_stage_primary_exploratory,mesenchymal_hsc_myofibroblast,RAM2019_MES_VSMC,singscore,24,5,0,4,0.08025292186561936,-0.34531652034073346,0.4886611678878791,0.7050294970502949,0.06115187166853844,0.20140050205448687,-0.33359311235825584,0.45589685569533267,10000,0.8707529247075292,False,False
non_end_stage_primary_exploratory,mesenchymal_hsc_myofibroblast,RAM2019_MES_VSMC,standardized_mean,24,5,0,4,0.21116830278607104,-0.22989358861625356,0.6032584388609069,0.32526747325267474,0.13128994198963417,0.21189172282384328,-0.2840178347450986,0.5465977187243669,10000,0.7806419358064194,False,False
non_end_stage_primary_exploratory,mesenchymal_hsc_myofibroblast,RAM2019_SAMES_A,singscore,24,5,0,4,-0.07442449737258555,-0.5613668369996998,0.4393111314374456,0.7256274372562743,-0.1209688104214939,0.2696471763370541,-0.6494772760421199,0.40753965519913216,10000,0.8707529247075292,False,False
non_end_stage_primary_exploratory,mesenchymal_hsc_myofibroblast,RAM2019_SAMES_A,standardized_mean,24,5,0,4,-0.32549509091865725,-0.7107111562839774,0.1491150783239819,0.12188781121887811,-0.23112223277260965,0.23041848276939209,-0.6827424590006181,0.2204979934553988,10000,0.4875512448755124,False,False
non_end_stage_primary_exploratory,mesenchymal_hsc_myofibroblast,RAM2019_SAMES_B,singscore,24,5,0,4,0.12194857400809198,-0.3046874621043982,0.5248000382413779,0.5740425957404259,0.14577136438749294,0.2095027281365996,-0.26485398276024225,0.5563967115352282,10000,0.8707529247075292,False,False
non_end_stage_primary_exploratory,mesenchymal_hsc_myofibroblast,RAM2019_SAMES_B,standardized_mean,24,5,0,4,0.41650818107910825,-0.005012556750863937,0.7231820213928831,0.045295470452954706,0.380383867386588,0.1872628873049038,0.013348608268976547,0.7474191265041995,10000,0.37436256374362564,False,False
including_end_stage_sensitivity,endothelial,RAM2019_ENDO_1,singscore,44,5,0,4,-0.12841035860601022,-0.4414418044426037,0.20558130624378237,0.40035996400359963,-0.12270807417093545,0.13809462038090595,-0.3933735301175111,0.14795738177564022,10000,0.62327100623271,False,False
including_end_stage_sensitivity,endothelial,RAM2019_ENDO_1,standardized_mean,44,5,0,4,-0.2617290389575003,-0.5476592903631111,0.07966943530689202,0.08339166083391661,-0.23914872031930867,0.13796908513653847,-0.5095681271869241,0.031270686548306725,10000,0.28698948286989484,False,False
including_end_stage_sensitivity,endothelial,RAM2019_ENDO_2,singscore,44,5,0,4,0.3534713468766903,0.020129000394172494,0.6266254551108791,0.018698130186981302,0.33051790782094215,0.1238937738187933,0.0876861111361073,0.5733497045057769,10000,0.10387532675303898,False,False
including_end_stage_sensitivity,endothelial,RAM2019_ENDO_2,standardized_mean,44,5,0,4,0.2827337687800686,-0.04637766407223245,0.5635745902860747,0.0643935606439356,0.2455215782850436,0.12418034800160425,0.0021280962018992433,0.48891506036818794,10000,0.2575742425757424,False,False
including_end_stage_sensitivity,endothelial,RAM2019_ENDO_3,singscore,44,5,0,4,0.072903014160804,-0.21281422787153773,0.3398402959584197,0.6364363563643636,0.06175647387178835,0.08849364175283675,-0.11169106396377168,0.23520401170734836,10000,0.715990900909909,False,False
including_end_stage_sensitivity,endothelial,RAM2019_ENDO_3,standardized_mean,44,5,0,4,-0.09426864999406934,-0.366285098389962,0.196474754761324,0.5392460753924607,-0.07919291754163824,0.09715630975815069,-0.2696192846676136,0.11123344958433712,10000,0.6787063229160956,False,False
including_end_stage_sensitivity,endothelial,RAM2019_ENDO_4,singscore,44,5,0,4,0.1370721028627394,-0.17800930236974713,0.4381467154498144,0.37676232376762325,0.10842648168524734,0.11928967422333832,-0.12538127979249575,0.34223424316299045,10000,0.62327100623271,False,False
including_end_stage_sensitivity,endothelial,RAM2019_ENDO_4,standardized_mean,44,5,0,4,0.04164855363443951,-0.28044193132986467,0.36489545880781393,0.7937206279372063,0.05295170253379638,0.1316644936372775,-0.2051107049952675,0.3110141100628603,10000,0.8318253888896825,False,False
including_end_stage_sensitivity,endothelial,RAM2019_ENDO_5,singscore,44,5,0,4,0.16457314087785457,-0.13616175646845152,0.44377142607734593,0.2810718928107189,0.09704421660136639,0.11837508814707567,-0.13497095616690194,0.32905938936963475,10000,0.5325572705887306,False,False
including_end_stage_sensitivity,endothelial,RAM2019_ENDO_5,standardized_mean,44,5,0,4,0.17734921365653014,-0.1449349106053572,0.46009301684741916,0.25307469253074694,0.1751436757895492,0.12403815106193815,-0.06797110029184955,0.41825845187094796,10000,0.5061493850614939,False,False
including_end_stage_sensitivity,endothelial,RAM2019_ENDO_6_SAENDO1,singscore,44,5,0,4,0.4119381206096123,0.10913249102661167,0.6475932586204456,0.0071992800719928,0.40473158164566103,0.12247651388765714,0.16467761442585305,0.644785548865469,10000,0.09809019098090191,False,False
including_end_stage_sensitivity,endothelial,RAM2019_ENDO_6_SAENDO1,standardized_mean,44,5,0,4,0.42031114005778386,0.10172683660092284,0.6931555447682927,0.005099490050994901,0.3602866879119907,0.1260858294940793,0.11315846210359529,0.6074149137203861,10000,0.09809019098090191,False,False
including_end_stage_sensitivity,macrophage_monocyte,RAM2019_MAC_SIG_A_SAM,singscore,25,5,0,4,0.31099675135925037,-0.07299110734782947,0.6259219611792426,0.1342865713428657,0.2339486771111449,0.13830870409016047,-0.037136382905569615,0.5050337371278594,10000,0.3222877712228777,False,False
including_end_stage_sensitivity,macrophage_monocyte,RAM2019_MAC_SIG_A_SAM,standardized_mean,25,5,0,4,0.2691090059411048,-0.1481620098204919,0.6150198602593043,0.1810818918108189,0.19658956946938483,0.15300532693467522,-0.10330087132257859,0.49648001026134825,10000,0.4074342565743425,False,False
including_end_stage_sensitivity,macrophage_monocyte,RAM2019_MAC_SIG_B_SAM,singscore,25,5,0,4,0.3275937825626665,-0.11549642644305459,0.6750071488757443,0.11438856114388561,0.22180720349361321,0.15957091253383143,-0.09095178507269641,0.5345661920599228,10000,0.29722742011513137,False,False
including_end_stage_sensitivity,macrophage_monocyte,RAM2019_MAC_SIG_B_SAM,standardized_mean,25,5,0,4,0.08377549083629107,-0.3198599386362255,0.4463710428468676,0.691030896910309,0.06502535236859447,0.12263455397671545,-0.1753383734257678,0.30538907816295674,10000,0.7538518875385188,False,False
including_end_stage_sensitivity,macrophage_monocyte,RAM2019_MAC_SIG_C_KC,singscore,25,5,0,4,0.2501409702800578,-0.26564043601923404,0.6665106133060597,0.22807719228077192,0.22702354784256543,0.20130713284802834,-0.1675384325395701,0.6215855282247009,10000,0.4829869954181052,False,False
including_end_stage_sensitivity,macrophage_monocyte,RAM2019_MAC_SIG_C_KC,standardized_mean,25,5,0,4,0.15451045715561232,-0.36377606919888605,0.583217524928091,0.4674532546745325,0.15432042161312276,0.1990778284289069,-0.23587212210753472,0.5445129653337802,10000,0.62327100623271,False,False
including_end_stage_sensitivity,macrophage_monocyte,RAM2019_MAC_SIG_D_TMO,singscore,25,5,0,4,-0.11894539029114912,-0.451578669230563,0.23375890216318643,0.5684431556844316,-0.09568089777363288,0.12446088623323373,-0.339624234790771,0.14826243924350524,10000,0.6787063229160956,False,False
including_end_stage_sensitivity,macrophage_monocyte,RAM2019_MAC_SIG_D_TMO,standardized_mean,25,5,0,4,-0.1612283031188998,-0.5223491451205107,0.255450185633161,0.43645635436456354,-0.17297126179259587,0.1745662415707627,-0.5151210952712908,0.169178571686099,10000,0.62327100623271,False,False
including_end_stage_sensitivity,macrophage_monocyte,RAM2019_MAC_SIG_E_TMO,singscore,25,5,0,4,0.11341304655667707,-0.30568492172741635,0.46769422486559586,0.5844415558444156,0.08858837618405298,0.1508258420981446,-0.20703027432831045,0.3842070266964164,10000,0.6787063229160956,False,False
including_end_stage_sensitivity,macrophage_monocyte,RAM2019_MAC_SIG_E_TMO,standardized_mean,25,5,0,4,-0.16201863793811008,-0.5016936743173434,0.1898242303459228,0.43865613438656137,-0.050070040684917515,0.12656394224010656,-0.2981353674755264,0.19799528610569134,10000,0.62327100623271,False,False
including_end_stage_sensitivity,macrophage_monocyte,RAM2019_MAC_SIG_F_CDC1,singscore,25,5,0,4,0.1612283031188998,-0.22364319296858415,0.5155522699171697,0.4497550244975502,0.12308651693249326,0.1495199035098859,-0.1699724939468831,0.41614552781186964,10000,0.62327100623271,False,False
including_end_stage_sensitivity,macrophage_monocyte,RAM2019_MAC_SIG_F_CDC1,standardized_mean,25,5,0,4,0.04267808023735583,-0.40412058301468345,0.4804935115530858,0.8366163383661633,0.02202998344076546,0.1805987795188758,-0.3319436244162311,0.376003591297762,10000,0.8366163383661633,False,False
including_end_stage_sensitivity,mesenchymal_hsc_myofibroblast,RAM2019_MES_HSC,singscore,29,5,0,4,0.14158267156232557,-0.2268836332774963,0.47152024552624006,0.45615438456154384,0.10492623261214985,0.13154604503971443,-0.15290401566569045,0.36275648088999013,10000,0.62327100623271,False,False
including_end_stage_sensitivity,mesenchymal_hsc_myofibroblast,RAM2019_MES_HSC,standardized_mean,29,5,0,4,0.04592668916970599,-0.3176739237476824,0.38983135664524543,0.8087191280871913,-0.0077621306395986855,0.13857831238204316,-0.2793756229084033,0.2638513616292059,10000,0.8318253888896825,False,False
including_end_stage_sensitivity,mesenchymal_hsc_myofibroblast,RAM2019_MES_MESOTHELIAL,singscore,29,5,0,4,0.4708747362124801,0.14312557967199274,0.7171338581178164,0.010698930106989302,0.39669889782309764,0.14227973099720664,0.11783062506857261,0.6755671705776227,10000,0.09809019098090191,False,False
including_end_stage_sensitivity,mesenchymal_hsc_myofibroblast,RAM2019_MES_MESOTHELIAL,standardized_mean,29,5,0,4,0.4350418248822699,0.05141486193175259,0.7441081185074111,0.0201979802019798,0.3657076386987327,0.14809599824985006,0.07543948212902657,0.6559757952684389,10000,0.10387532675303898,False,False
including_end_stage_sensitivity,mesenchymal_hsc_myofibroblast,RAM2019_MES_SAMES,singscore,29,5,0,4,0.44412622493781617,0.09327335980616437,0.7145901610736259,0.0174982501749825,0.3672436023256861,0.14144802255973418,0.0900054781086071,0.6444817265427651,10000,0.10387532675303898,False,False
including_end_stage_sensitivity,mesenchymal_hsc_myofibroblast,RAM2019_MES_SAMES,standardized_mean,29,5,0,4,0.2982711351571015,-0.10792253391510545,0.6334041821613362,0.11448855114488551,0.2431085743064855,0.15240298761521548,-0.05560128141933682,0.5418184300323078,10000,0.29722742011513137,False,False
including_end_stage_sensitivity,mesenchymal_hsc_myofibroblast,RAM2019_MES_VSMC,singscore,29,5,0,4,0.32098213529596714,-0.059274004395886176,0.637364916106722,0.08769123087691232,0.26527734916141155,0.16076833350713118,-0.049828584512565555,0.5803832828353886,10000,0.28698948286989484,False,False
including_end_stage_sensitivity,mesenchymal_hsc_myofibroblast,RAM2019_MES_VSMC,standardized_mean,29,5,0,4,0.29625237958920236,-0.08941856233423755,0.6182080375300056,0.11558844115588442,0.22300161067983265,0.16968653485483526,-0.10958399763564447,0.5555872189953097,10000,0.29722742011513137,False,False
including_end_stage_sensitivity,mesenchymal_hsc_myofibroblast,RAM2019_SAMES_A,singscore,29,5,0,4,0.11254562291037841,-0.3403901691453404,0.521355188641113,0.5525447455254474,0.08271857350726478,0.1871373261501184,-0.2840705857469673,0.4495077327614968,10000,0.6787063229160956,False,False
including_end_stage_sensitivity,mesenchymal_hsc_myofibroblast,RAM2019_SAMES_A,standardized_mean,29,5,0,4,-0.18774426781462228,-0.5819766283892925,0.23060131019728303,0.31786821317868214,-0.10783702765827806,0.16573046325876145,-0.4326687356454505,0.21699468032889435,10000,0.5721627837216279,False,False
including_end_stage_sensitivity,mesenchymal_hsc_myofibroblast,RAM2019_SAMES_B,singscore,29,5,0,4,0.3790213578730681,-0.0007747878995360896,0.6876719950778732,0.042695730426957304,0.34748601540612234,0.15762064626925923,0.03854954871837424,0.6564224820938704,10000,0.19213078692130786,False,False
including_end_stage_sensitivity,mesenchymal_hsc_myofibroblast,RAM2019_SAMES_B,standardized_mean,29,5,0,4,0.4754169362402532,0.11357408735663242,0.7360353897796161,0.0108989101089891,0.38751757858610625,0.14745440482161692,0.0985069451357371,0.6765282120364754,10000,0.09809019098090191,False,False
