cluster,n_cells,n_donors,n_control_donors,n_cirrhosis_donors,winner,second,top_score,second_score,top_minus_second_score,winner_anchors_z_gt_0_5,passes_automatic_rule,provisional_label,score_macrophage_monocyte,anchors_macrophage_monocyte,score_endothelial,anchors_endothelial,score_mesenchymal_hsc_myofibroblast,anchors_mesenchymal_hsc_myofibroblast,score_t_nk,anchors_t_nk,score_b_plasma,anchors_b_plasma,score_epithelial,anchors_epithelial,score_neutrophil,anchors_neutrophil,score_dendritic,anchors_dendritic,mean_log1p_cp10k_LST1,z_LST1,mean_log1p_cp10k_TYROBP,z_TYROBP,mean_log1p_cp10k_FCER1G,z_FCER1G,mean_log1p_cp10k_AIF1,z_AIF1,mean_log1p_cp10k_CTSS,z_CTSS,mean_log1p_cp10k_C1QA,z_C1QA,mean_log1p_cp10k_C1QB,z_C1QB,mean_log1p_cp10k_C1QC,z_C1QC,mean_log1p_cp10k_CD68,z_CD68,mean_log1p_cp10k_CD163,z_CD163,mean_log1p_cp10k_FCGR3A,z_FCGR3A,mean_log1p_cp10k_MARCO,z_MARCO,mean_log1p_cp10k_SPP1,z_SPP1,mean_log1p_cp10k_TREM2,z_TREM2,mean_log1p_cp10k_GPNMB,z_GPNMB,mean_log1p_cp10k_PECAM1,z_PECAM1,mean_log1p_cp10k_VWF,z_VWF,mean_log1p_cp10k_KDR,z_KDR,mean_log1p_cp10k_EMCN,z_EMCN,mean_log1p_cp10k_ESAM,z_ESAM,mean_log1p_cp10k_EGFL7,z_EGFL7,mean_log1p_cp10k_ENG,z_ENG,mean_log1p_cp10k_CDH5,z_CDH5,mean_log1p_cp10k_RAMP2,z_RAMP2,mean_log1p_cp10k_PLVAP,z_PLVAP,mean_log1p_cp10k_KLF2,z_KLF2,mean_log1p_cp10k_CA4,z_CA4,mean_log1p_cp10k_FCN3,z_FCN3,mean_log1p_cp10k_COL1A1,z_COL1A1,mean_log1p_cp10k_COL1A2,z_COL1A2,mean_log1p_cp10k_COL3A1,z_COL3A1,mean_log1p_cp10k_DCN,z_DCN,mean_log1p_cp10k_LUM,z_LUM,mean_log1p_cp10k_COL6A1,z_COL6A1,mean_log1p_cp10k_COL6A2,z_COL6A2,mean_log1p_cp10k_COL6A3,z_COL6A3,mean_log1p_cp10k_PDGFRB,z_PDGFRB,mean_log1p_cp10k_RGS5,z_RGS5,mean_log1p_cp10k_CSPG4,z_CSPG4,mean_log1p_cp10k_ACTA2,z_ACTA2,mean_log1p_cp10k_DES,z_DES,mean_log1p_cp10k_LRAT,z_LRAT,mean_log1p_cp10k_RBP1,z_RBP1,mean_log1p_cp10k_RELN,z_RELN,mean_log1p_cp10k_PDGFRA,z_PDGFRA,mean_log1p_cp10k_CD3D,z_CD3D,mean_log1p_cp10k_CD3E,z_CD3E,mean_log1p_cp10k_TRBC1,z_TRBC1,mean_log1p_cp10k_TRBC2,z_TRBC2,mean_log1p_cp10k_NKG7,z_NKG7,mean_log1p_cp10k_GNLY,z_GNLY,mean_log1p_cp10k_PRF1,z_PRF1,mean_log1p_cp10k_GZMB,z_GZMB,mean_log1p_cp10k_IL7R,z_IL7R,mean_log1p_cp10k_CD79A,z_CD79A,mean_log1p_cp10k_CD79B,z_CD79B,mean_log1p_cp10k_MS4A1,z_MS4A1,mean_log1p_cp10k_CD19,z_CD19,mean_log1p_cp10k_CD37,z_CD37,mean_log1p_cp10k_CD74,z_CD74,mean_log1p_cp10k_MZB1,z_MZB1,mean_log1p_cp10k_JCHAIN,z_JCHAIN,mean_log1p_cp10k_CD38,z_CD38,mean_log1p_cp10k_EPCAM,z_EPCAM,mean_log1p_cp10k_KRT19,z_KRT19,mean_log1p_cp10k_KRT7,z_KRT7,mean_log1p_cp10k_KRT8,z_KRT8,mean_log1p_cp10k_KRT18,z_KRT18,mean_log1p_cp10k_KRT17,z_KRT17,mean_log1p_cp10k_KRT23,z_KRT23,mean_log1p_cp10k_ALB,z_ALB,mean_log1p_cp10k_HNF4A,z_HNF4A,mean_log1p_cp10k_FCGR3B,z_FCGR3B,mean_log1p_cp10k_CSF3R,z_CSF3R,mean_log1p_cp10k_S100A8,z_S100A8,mean_log1p_cp10k_S100A9,z_S100A9,mean_log1p_cp10k_CEACAM8,z_CEACAM8,mean_log1p_cp10k_MPO,z_MPO,mean_log1p_cp10k_ELANE,z_ELANE,mean_log1p_cp10k_FCER1A,z_FCER1A,mean_log1p_cp10k_CD1C,z_CD1C,mean_log1p_cp10k_CLEC10A,z_CLEC10A,mean_log1p_cp10k_CLEC9A,z_CLEC9A,mean_log1p_cp10k_XCR1,z_XCR1
0,1775,4,2,2,t_nk,mesenchymal_hsc_myofibroblast,2.0370051860809326,-0.13598088920116425,2.172986075282097,9,True,t_nk,-0.4181056618690491,1,-0.20240384340286255,1,-0.13598088920116425,1,2.0370051860809326,9,-0.2348242849111557,1,-0.2526213526725769,0,-0.30291178822517395,0,-0.28512099385261536,0,0.09657149761915207,-0.7021734118461609,0.3989996314048767,-0.9282997846603394,0.09701917320489883,-1.0676900148391724,0.06840237230062485,-0.7230717539787292,0.6270279884338379,-0.5958452820777893,0.1072116270661354,-0.39765435457229614,0.09096770733594894,-0.4007589817047119,0.041593290865421295,-0.3527575731277466,0.019958550110459328,-0.527119517326355,0.017459433525800705,-0.36716797947883606,1.0942041873931885,0.897556722164154,0.03501302748918533,-0.3548860549926758,0.002733031287789345,-0.21511048078536987,0.0,-0.27792811393737793,0.0044475425966084,-0.2586789131164551,0.06235982105135918,-0.6562289595603943,0.00042458935058675706,-0.23814687132835388,0.0035107750445604324,-0.38726431131362915,0.0027887444011867046,-0.3141396641731262,0.0026682931929826736,-0.3795038163661957,0.003366148564964533,-0.46740585565567017,0.024204755201935768,-0.46682173013687134,0.004033226054161787,-0.45140939950942993,0.00462020980194211,-0.37899187207221985,0.0003560790792107582,-0.29021328687667847,2.297823429107666,2.0567851066589355,0.0007226227317005396,-0.270565390586853,0.007958410307765007,-0.38734400272369385,0.003828545333817601,-0.2514210045337677,0.0,-0.25500279664993286,0.0,-0.2826991081237793,0.0,-0.3157092034816742,0.0,-0.222846120595932,0.011587981134653091,-0.36371153593063354,0.3451444208621979,1.2243434190750122,0.002002147026360035,-0.134609192609787,0.054479945451021194,0.17558307945728302,0.0082472525537014,-0.21327245235443115,0.0,-0.22296284139156342,0.06357169896364212,-0.05587552487850189,0.0,-0.21421009302139282,0.0015141075709834695,-0.1824643760919571,0.0024865770246833563,-0.4695506691932678,0.002051705028861761,-0.2790924310684204,0.0,-0.24817419052124023,2.0737202167510986,2.5953867435455322,1.7960246801376343,2.2145583629608154,1.1875989437103271,1.2361440658569336,1.9177789688110352,2.272681951522827,3.637993812561035,1.642305612564087,3.0085289478302,2.73034930229187,1.7283912897109985,1.8004778623580933,2.2157981395721436,2.4821298122406006,1.1060492992401123,1.359013557434082,0.005271110683679581,-0.2917311191558838,0.06679030507802963,-0.3302282392978668,0.01830662414431572,-0.2332422137260437,0.0007018828182481229,-0.23814193904399872,1.3582983016967773,0.7399647831916809,1.2916338443756104,-0.6557508111000061,0.021788464859128,-0.2699192464351654,0.015777351334691048,-0.269118070602417,0.043269574642181396,-0.5652517080307007,0.0,-0.21334339678287506,0.0004775226698257029,-0.2142995446920395,0.0011728133540600538,-0.206040158867836,0.004300088621675968,-0.22550548613071442,0.008623205125331879,-0.2383381724357605,0.0,-0.20412413775920868,0.002342643216252327,-0.2368939220905304,0.11266926676034927,-0.4400796890258789,0.0,-0.2949678301811218,0.03251734375953674,-0.2822016775608063,0.039449479430913925,-0.43299174308776855,0.17563846707344055,-0.3744765520095825,0.23891013860702515,-0.41265928745269775,0.0005780252395197749,-0.16523316502571106,0.0,-0.3405873775482178,0.001294382382184267,-0.112233005464077,0.0008005352574400604,-0.30028390884399414,0.003692423924803734,-0.29914411902427673,0.005686973221600056,-0.39023861289024353,0.002254172693938017,-0.22955761849880219,0.0005394839099608362,-0.20638065040111542
1,653,4,2,2,t_nk,b_plasma,0.9423058032989502,-0.023782921954989433,0.9660887252539396,6,True,t_nk,-0.17054222524166107,3,-0.30529606342315674,1,-0.28334712982177734,0,0.9423058032989502,6,-0.023782921954989433,2,-0.2447301596403122,0,-0.2818566858768463,0,-0.28870123624801636,0,0.1253933608531952,-0.6662710905075073,2.1782984733581543,0.7495086193084717,1.8338662385940552,0.702629804611206,0.05902470648288727,-0.7329840660095215,0.6825823783874512,-0.5283404588699341,0.10541370511054993,-0.3993707001209259,0.10420327633619308,-0.38854336738586426,0.04364674165844917,-0.3504643738269806,0.034378085285425186,-0.505535900592804,0.010966617614030838,-0.3805263936519623,1.1669915914535522,1.0060924291610718,0.06203986331820488,-0.3180311918258667,0.0038532798644155264,-0.21214698255062103,0.0,-0.27792811393737793,0.00525041064247489,-0.25622186064720154,0.10758795589208603,-0.5352116227149963,0.0009583258652128279,-0.23579923808574677,0.0,-0.39471080899238586,0.0015214451123028994,-0.3178360164165497,0.004217106383293867,-0.3739790618419647,0.004788016900420189,-0.4644094407558441,0.040703266859054565,-0.44026029109954834,0.0,-0.46139660477638245,0.008600806817412376,-0.37128493189811707,0.0018873310182243586,-0.28252464532852173,1.5019394159317017,0.5764300227165222,0.0,-0.2933651804924011,0.022055314853787422,-0.37450093030929565,0.0,-0.33883747458457947,0.0,-0.25500279664993286,0.0,-0.2826991081237793,0.001868050079792738,-0.2866903245449066,0.0,-0.222846120595932,0.0,-0.46100136637687683,0.06142537668347359,-0.34616824984550476,0.0,-0.336017906665802,0.008973309770226479,-0.2004411667585373,0.003888558829203248,-0.2350618988275528,0.0,-0.22296284139156342,0.037814922630786896,-0.17765852808952332,0.0,-0.21421009302139282,0.0,-0.23798377811908722,0.003270315006375313,-0.4675714671611786,0.0,-0.28357377648353577,0.0,-0.24817419052124023,0.3044883906841278,-0.24102503061294556,0.7490189671516418,0.4083743393421173,1.0389328002929688,0.963663637638092,0.9646583199501038,0.6244465708732605,3.7040488719940186,1.689911127090454,1.7064945697784424,1.357435941696167,1.7567379474639893,1.8426390886306763,1.752482533454895,1.860172986984253,0.36109665036201477,-0.02486698143184185,0.025005051866173744,-0.25313013792037964,0.19721338152885437,0.26520878076553345,0.015130355954170227,-0.24022722244262695,0.002142756013199687,-0.22085195779800415,1.2344834804534912,0.5412556529045105,1.529621958732605,-0.473592072725296,0.013886879198253155,-0.2846294045448303,0.01100324559956789,-0.27503395080566406,0.4267680048942566,0.7269540429115295,0.0013258385006338358,-0.20929478108882904,0.0069396011531353,-0.19870588183403015,0.002206871286034584,-0.203874871134758,0.009174979291856289,-0.2175971120595932,0.007126239128410816,-0.24087251722812653,0.0,-0.20412413775920868,0.0009583258652128279,-0.25210806727409363,0.150839701294899,-0.3810262084007263,0.0,-0.2949678301811218,0.041514623910188675,-0.2690226137638092,0.07261218130588531,-0.38203907012939453,0.18125349283218384,-0.3702153265476227,0.21345436573028564,-0.4338357448577881,0.0,-0.20922322571277618,0.001939794048666954,0.0616813488304615,0.0,-0.37034207582473755,0.0038715205155313015,-0.29363059997558594,0.0,-0.3081064522266388,0.0010516231413930655,-0.4011559784412384,0.0015908078057691455,-0.23105543851852417,0.0,-0.20955772697925568
2,341,4,2,2,macrophage_monocyte,endothelial,2.8849165439605713,0.10680050402879715,2.778116039931774,14,True,macrophage_monocyte,2.8849165439605713,14,0.10680050402879715,3,-0.2232103943824768,0,-0.6478896737098694,0,-0.09458824247121811,1,-0.12488571554422379,1,-0.21023406088352203,0,0.022969648241996765,1,1.5526868104934692,1.1116595268249512,2.9226315021514893,1.4513851404190063,2.8035247325897217,1.6909757852554321,2.493330240249634,1.8401082754135132,2.9681432247161865,2.2488741874694824,4.166594982147217,3.4775540828704834,4.314994812011719,3.497751235961914,3.66264271736145,3.6910476684570312,2.6576743125915527,3.421097993850708,2.449875831604004,4.637317657470703,2.3577487468719482,2.781670093536377,3.16312313079834,3.9107255935668945,0.019687669351696968,-0.17025862634181976,0.15985168516635895,4.845195770263672,1.6700507402420044,4.838642120361328,0.4793550372123718,0.459529310464859,0.0,-0.24001441895961761,0.015606794506311417,-0.36160820722579956,0.013121446594595909,-0.2840021252632141,0.0,-0.3890218436717987,0.3456399738788605,0.25389593839645386,0.4483121335506439,0.21596139669418335,0.517959713935852,0.8211933970451355,0.0613287128508091,-0.269197016954422,0.19947479665279388,0.709588348865509,1.7768148183822632,1.0877020359039307,0.0,-0.2933651804924011,0.0794018805027008,-0.32225510478019714,0.0,-0.33883747458457947,0.0,-0.25500279664993286,0.008807143196463585,-0.15157422423362732,0.023411771282553673,0.0479765422642231,0.0,-0.222846120595932,0.02060539834201336,-0.288003534078598,0.009582683444023132,-0.6331406831741333,0.003955294378101826,0.06187032535672188,0.001235912088304758,-0.264375776052475,0.0090434979647398,-0.2092919498682022,0.0,-0.22296284139156342,0.03530813753604889,-0.18951109051704407,0.0,-0.21421009302139282,0.003227325389161706,-0.11964398622512817,0.053893644362688065,-0.3397326171398163,0.0,-0.28357377648353577,0.001405479502864182,-0.17171674966812134,0.08416026830673218,-0.5942524671554565,0.06142714247107506,-0.7777867317199707,0.08741924166679382,-0.7803031206130981,0.12304937839508057,-0.8309511542320251,0.22782379388809204,-0.8153970837593079,0.07269579917192459,-0.365302175283432,0.04438157379627228,-0.7042272090911865,0.028058946132659912,-0.45470133423805237,0.10097675025463104,-0.5080854892730713,0.045376166701316833,-0.21328282356262207,0.035771675407886505,-0.4718415439128876,0.01414256077259779,-0.24239951372146606,0.0045661646872758865,-0.19177187979221344,0.18122880160808563,-1.149101972579956,4.4153733253479,1.7351940870285034,0.010336396284401417,-0.2912392318248749,0.029253721237182617,-0.2524186968803406,0.2779674232006073,0.22556747496128082,0.0,-0.21334339678287506,0.01328420639038086,-0.18339571356773376,0.0,-0.20849600434303284,0.006140368524938822,-0.22252006828784943,0.0034535822924226522,-0.24709029495716095,0.0,-0.20412413775920868,0.005931155756115913,-0.19745495915412903,0.8155979514122009,0.6474209427833557,0.0,-0.2949678301811218,0.023991936817765236,-0.2946895360946655,0.5128917694091797,0.2944263219833374,0.231735497713089,-0.3319045901298523,0.47132179141044617,-0.21931810677051544,0.0,-0.20922322571277618,0.0,-0.3405873775482178,0.0,-0.37034207582473755,0.0033053806982934475,-0.2948571443557739,0.0073218331672251225,-0.2903347611427307,0.6471889019012451,1.1206516027450562,0.010449296794831753,-0.211053729057312,0.0,-0.20955772697925568
3,1435,4,2,2,neutrophil,macrophage_monocyte,3.477699041366577,0.23656150698661804,3.241137534379959,7,True,neutrophil,0.23656150698661804,5,-0.3062615394592285,0,-0.3019168972969055,0,-0.5366404056549072,0,-0.3258046507835388,0,-0.22190409898757935,0,3.477699041366577,7,-0.27092674374580383,0,1.9605499505996704,1.619720697402954,2.5908706188201904,1.1385477781295776,1.7511478662490845,0.6183173060417175,1.57256281375885,0.8668452501296997,2.4171807765960693,1.579392671585083,0.13565082848072052,-0.3705054521560669,0.15571655333042145,-0.34099990129470825,0.08635175973176956,-0.3027735650539398,0.41831353306770325,0.06915102154016495,0.2537129819393158,0.11890317499637604,0.16338329017162323,-0.4904213845729828,0.0794440433382988,-0.2942981719970703,0.007831997238099575,-0.2016216516494751,0.0006865207105875015,-0.25592565536499023,0.021690335124731064,-0.20591001212596893,0.4631548821926117,0.41618239879608154,0.0011455818312242627,-0.23497559130191803,0.0006732915062457323,-0.3932827115058899,0.0,-0.3222736418247223,0.0010665205772966146,-0.38521745800971985,0.009331051260232925,-0.45483553409576416,0.02258993498980999,-0.46942150592803955,0.004222629126161337,-0.4509403705596924,0.0022818176075816154,-0.3835192918777466,0.0017739376053214073,-0.28309401869773865,0.9703491926193237,-0.41233497858047485,0.0019433413399383426,-0.23204992711544037,0.020807772874832153,-0.3756375312805176,0.0003131011326331645,-0.3316884934902191,0.00039934818050824106,-0.24796873331069946,0.0,-0.2826991081237793,0.0,-0.3157092034816742,0.0,-0.222846120595932,0.004367772955447435,-0.42433062195777893,0.00734621100127697,-0.6455205678939819,0.0,-0.336017906665802,0.0004468727274797857,-0.27089568972587585,0.0003741406835615635,-0.25263071060180664,0.0003235437907278538,-0.2095477283000946,0.010902117937803268,-0.3049074411392212,0.0023415437899529934,-0.052016306668519974,0.0,-0.23798377811908722,0.0028979231137782335,-0.4685118794441223,0.001114893238991499,-0.2811386287212372,0.0,-0.24817419052124023,0.1726449877023697,-0.45239484310150146,0.15060973167419434,-0.6239383220672607,0.15081347525119781,-0.6641119718551636,0.1841273307800293,-0.725328803062439,0.5059719085693359,-0.614936351776123,0.12596485018730164,-0.30913329124450684,0.07390829920768738,-0.6603107452392578,0.025292513892054558,-0.4584150016307831,0.20158183574676514,-0.3211938142776489,0.010386958718299866,-0.28172415494918823,0.017876360565423965,-0.5535413026809692,0.016563214361667633,-0.23707619309425354,0.0004519426729530096,-0.24114112555980682,1.0230404138565063,0.20191285014152527,1.246902346611023,-0.6899887919425964,0.004883658606559038,-0.30139046907424927,0.0258876234292984,-0.2565898299217224,0.0410582609474659,-0.5727027654647827,0.002001170301809907,-0.2072325497865677,0.002846816787496209,-0.20858219265937805,0.002255926141515374,-0.2037721574306488,0.004080758895725012,-0.2258612960577011,0.002508078468963504,-0.24869103729724884,0.0,-0.20412413775920868,0.01824643462896347,-0.06210586428642273,0.17619451880455017,-0.341799795627594,0.0,-0.2949678301811218,1.4509429931640625,1.7954844236373901,1.7957159280776978,2.2654151916503906,4.688354969024658,3.050219774246216,4.445347785949707,3.086638927459717,0.06711383908987045,4.898412704467773,0.024063346907496452,4.649598121643066,0.024916190654039383,4.598123550415039,0.01095680519938469,-0.27828022837638855,0.006264646537601948,-0.29290077090263367,0.01782386191189289,-0.36165332794189453,0.009923222474753857,-0.21224157512187958,0.0,-0.20955772697925568
4,280,4,2,2,mesenchymal_hsc_myofibroblast,epithelial,3.001725912094116,0.5782533884048462,2.42347252368927,12,True,mesenchymal_hsc_myofibroblast,-0.5014719367027283,0,-0.28244954347610474,0,3.001725912094116,12,-0.026538649573922157,1,-0.44214800000190735,0,0.5782533884048462,2,-0.32878032326698303,0,-0.2856539785861969,0,0.20398959517478943,-0.5683664083480835,0.4241293966770172,-0.9046034216880798,0.15786349773406982,-1.0056731700897217,0.17880216240882874,-0.6063777208328247,0.3486548960208893,-0.9341000914573669,0.10591287910938263,-0.39889419078826904,0.14609917998313904,-0.3498761057853699,0.04882753640413284,-0.34467872977256775,0.028614191338419914,-0.5141634941101074,0.024768738076090813,-0.352129727602005,0.12662126123905182,-0.5452384352684021,0.015444274991750717,-0.3815707266330719,0.012470944784581661,-0.18934977054595947,0.0023926198482513428,-0.2012464851140976,0.015187655575573444,-0.2258104383945465,0.07034584879875183,-0.6348606944084167,0.01396863628178835,-0.1785736083984375,0.01695704460144043,-0.3587442636489868,0.008509223349392414,-0.2974546551704407,0.13339614868164062,0.08681453764438629,0.020584557205438614,-0.4311200976371765,0.14380143582820892,-0.27427947521209717,0.0075308782979846,-0.44274836778640747,0.01829601638019085,-0.35251376032829285,0.00663949828594923,-0.2586633861064911,1.2478652000427246,0.10384854674339294,0.0,-0.2933651804924011,0.05972316488623619,-0.3401834964752197,0.21226876974105835,4.5078558921813965,0.2836768627166748,4.741645336151123,0.32908952236175537,4.616940498352051,0.2542538344860077,3.633949041366577,0.009302018210291862,0.20852041244506836,0.4717315137386322,3.4995405673980713,0.4933795928955078,2.044891357421875,0.04153374955058098,3.8421261310577393,0.6165228486061096,4.819779872894287,1.0286723375320435,4.887908935546875,0.12323887646198273,4.886895656585693,1.107736349105835,4.881135940551758,0.07377420365810394,4.895973205566406,0.0,-0.23798377811908722,0.24715706706047058,0.14831459522247314,0.003243073122575879,-0.2764902412891388,0.0032446503173559904,-0.07166668772697449,0.632978081703186,0.285605788230896,0.5848517417907715,0.12517032027244568,0.46267634630203247,-0.09251897782087326,0.6486364006996155,0.07794858515262604,0.9214898347854614,-0.31547340750694275,0.13014936447143555,-0.30472099781036377,0.31382840871810913,-0.3034665286540985,0.09213171899318695,-0.36868971586227417,0.7283103466033936,0.6572970747947693,0.012829022482037544,-0.2769473195075989,0.06575667858123779,-0.3349471986293793,0.04169713333249092,-0.1818036437034607,0.0,-0.24656428396701813,0.42836034297943115,-0.7524831295013428,0.7463067173957825,-1.0731502771377563,0.01592360809445381,-0.28083768486976624,0.026596244424581528,-0.25571173429489136,0.03981661796569824,-0.5768865346908569,0.011456119827926159,-0.17836064100265503,0.007585390005260706,-0.19714753329753876,0.014893272891640663,-0.17730988562107086,0.17050519585609436,0.04412401467561722,0.41526490449905396,0.4501039385795593,0.0,-0.20412413775920868,0.010358711704611778,-0.14879462122917175,1.6531928777694702,1.9432636499404907,0.11471273005008698,3.672525644302368,0.04432006552815437,-0.26491326093673706,0.047480639070272446,-0.4206523001194,0.24067944288253784,-0.3251170217990875,0.2894365191459656,-0.370626837015152,0.0,-0.20922322571277618,0.0,-0.3405873775482178,0.0,-0.37034207582473755,0.0,-0.30201828479766846,0.0,-0.3081064522266388,0.0053351945243775845,-0.39106711745262146,0.007585390005260706,-0.21752019226551056,0.0,-0.20955772697925568
5,222,4,2,2,endothelial,mesenchymal_hsc_myofibroblast,3.005286693572998,-0.03977726772427559,3.0450639612972736,12,True,endothelial,-0.5578814744949341,0,3.005286693572998,12,-0.03977726772427559,2,-0.5370432138442993,0,-0.35569074749946594,0,-0.19984769821166992,0,-0.35135918855667114,0,-0.27328547835350037,0,0.04550408571958542,-0.765786349773407,0.17338794469833374,-1.1410425901412964,0.15746207535266876,-1.00608229637146,0.07820639759302139,-0.7127087116241455,0.3497532606124878,-0.9327654242515564,0.10621288418769836,-0.3986077904701233,0.12388643622398376,-0.3703770637512207,0.010430708527565002,-0.38755834102630615,0.04330996423959732,-0.4921663701534271,0.0038738357834517956,-0.39511916041374207,0.060651496052742004,-0.6436081528663635,0.02720697782933712,-0.3655306398868561,0.005930670071393251,-0.20665143430233002,0.0,-0.27792811393737793,0.0,-0.272289901971817,1.9083333015441895,4.2830610275268555,1.164921760559082,4.88387393951416,0.8372902870178223,1.3812140226364136,1.6828336715698242,4.586074352264404,1.279242753982544,4.174155235290527,1.8033244609832764,3.325794219970703,1.1972906589508057,1.4217642545700073,1.283490538597107,2.716827869415283,2.353240966796875,4.168236255645752,1.0147819519042969,4.803354263305664,2.356287956237793,2.16552996635437,0.043044302612543106,1.0647450685501099,0.536396861076355,0.09409212321043015,0.0033618842717260122,-0.262076199054718,0.004111555404961109,-0.18258239328861237,0.02194862626492977,0.04408235475420952,0.0,-0.3157092034816742,0.0,-0.222846120595932,0.13796618580818176,0.6973288059234619,0.21980232000350952,0.5305188298225403,0.0,-0.336017906665802,0.003056417917832732,-0.24933283030986786,0.026988638564944267,-0.11958286911249161,0.002464394085109234,-0.12078157067298889,0.03087075985968113,-0.21049188077449799,0.0,-0.21421009302139282,0.0,-0.23798377811908722,0.38604292273521423,0.4990423917770386,0.0282923374325037,-0.22177764773368835,0.009087955579161644,0.24620646238327026,0.2149227261543274,-0.3846156597137451,0.15282146632671356,-0.6201227903366089,0.157816082239151,-0.6512773633003235,0.2265201210975647,-0.6520187854766846,0.37741875648498535,-0.7075843214988708,0.06553810834884644,-0.3728494942188263,0.09101123362779617,-0.6348727345466614,0.04377921670675278,-0.4335983395576477,0.17183725535869598,-0.3764496147632599,0.0039881751872599125,-0.2942406237125397,0.14474555850028992,0.025670774281024933,0.0,-0.2735007107257843,0.0,-0.24656428396701813,0.11561190336942673,-1.254409909248352,2.1648359298706055,0.012607746757566929,0.0058433073572814465,-0.2996039092540741,0.02341601997613907,-0.2596525251865387,0.02953719161450863,-0.6115232706069946,0.026964426040649414,-0.13100402057170868,0.022805344313383102,-0.1604202389717102,0.0,-0.20849600434303284,0.05543161928653717,-0.1425563544034958,0.016540782526135445,-0.22493374347686768,0.0,-0.20412413775920868,0.004945702850818634,-0.20828542113304138,0.2524392902851105,-0.22384154796600342,0.0,-0.2949678301811218,0.029444247484207153,-0.28670310974121094,0.042640071362257004,-0.42808958888053894,0.15669044852256775,-0.3888561725616455,0.21119818091392517,-0.43571266531944275,0.0,-0.20922322571277618,0.0,-0.3405873775482178,0.0,-0.37034207582473755,0.0,-0.30201828479766846,0.02407252974808216,-0.2496771216392517,0.01405629888176918,-0.37052685022354126,0.0,-0.23464734852313995,0.0,-0.20955772697925568
6,159,4,2,2,dendritic,macrophage_monocyte,2.4866719245910645,0.37658169865608215,2.1100902259349823,3,True,dendritic,0.37658169865608215,6,-0.378362774848938,0,-0.30383384227752686,0,-0.6553511023521423,0,0.07472620904445648,2,-0.2617875039577484,0,0.009244943968951702,1,2.4866719245910645,3,1.9823702573776245,1.6469014883041382,2.4690310955047607,1.0236579179763794,2.4773857593536377,1.3585513830184937,2.169731855392456,1.4980605840682983,2.1637625694274902,1.2714608907699585,0.46665263175964355,-0.05452125146985054,0.3690827190876007,-0.1440763920545578,0.12787790596485138,-0.2563992738723755,0.719362199306488,0.5197703242301941,0.2632914185523987,0.13860997557640076,0.10388640314340591,-0.5791391730308533,0.08466199040412903,-0.2871827781200409,0.00247376156039536,-0.2157963514328003,0.007961302064359188,-0.022774485871195793,0.007807393558323383,-0.2483965903520584,0.23942330479621887,-0.18245844542980194,0.0,-0.24001441895961761,0.0,-0.39471080899238586,0.0,-0.3222736418247223,0.0032413413282483816,-0.37745970487594604,0.005338211543858051,-0.46324998140335083,0.0968867689371109,-0.34980881214141846,0.005085675045847893,-0.44880327582359314,0.0023960834369063377,-0.3832980692386627,0.00593074643984437,-0.26222214102745056,0.7570570707321167,-0.8090612292289734,0.0,-0.2933651804924011,0.0028579160571098328,-0.3919908106327057,0.0,-0.33883747458457947,0.0,-0.25500279664993286,0.0,-0.2826991081237793,0.0,-0.3157092034816742,0.0,-0.222846120595932,0.0,-0.46100136637687683,0.016750341281294823,-0.5934644937515259,0.0,-0.336017906665802,0.0018562715267762542,-0.2592497169971466,0.012920862063765526,-0.1899087280035019,0.0,-0.22296284139156342,0.024487575516104698,-0.24067279696464539,0.0,-0.21421009302139282,0.0,-0.23798377811908722,0.005135651677846909,-0.46286094188690186,0.0,-0.28357377648353577,0.0,-0.24817419052124023,0.09725207090377808,-0.5732638835906982,0.06406272947788239,-0.7732400894165039,0.054613228887319565,-0.8404310941696167,0.09523377567529678,-0.8790527582168579,0.2109895646572113,-0.8275294899940491,0.04247969388961792,-0.39716315269470215,0.038224924355745316,-0.713384211063385,0.051583338528871536,-0.4231220483779907,0.12095464766025543,-0.4709729850292206,0.010126961395144463,-0.28223273158073425,0.0446208156645298,-0.43144145607948303,0.002736195921897888,-0.26748350262641907,0.0024527530185878277,-0.2171320766210556,1.4719560146331787,0.9223729372024536,4.626489162445068,1.8967844247817993,0.0019101171055808663,-0.3069262206554413,0.009678886272013187,-0.2766750454902649,0.10277990251779556,-0.36473044753074646,0.0,-0.21334339678287506,0.0,-0.21545185148715973,0.0,-0.20849600434303284,0.012975417077541351,-0.21143175661563873,0.006527459714561701,-0.24188625812530518,0.0,-0.20412413775920868,0.0,-0.2626403868198395,0.07151742279529572,-0.5037456750869751,0.0,-0.2949678301811218,0.039341747760772705,-0.2722054123878479,0.6187758445739746,0.4571113586425781,0.44988417625427246,-0.16635176539421082,0.6865293979644775,-0.04028880596160889,0.0,-0.20922322571277618,0.004853970371186733,0.666014552116394,0.0,-0.37034207582473755,2.184023857116699,4.429694175720215,1.8893499374389648,4.277762413024902,1.8751485347747803,4.012789726257324,0.06967400014400482,-0.07732941210269928,0.0,-0.20955772697925568
7,1286,4,2,2,t_nk,macrophage_monocyte,1.4350571632385254,-0.053924355655908585,1.488981518894434,6,True,t_nk,-0.053924355655908585,3,-0.21995066106319427,1,-0.1643550544977188,2,1.4350571632385254,6,-0.0690963938832283,2,-0.25290754437446594,0,-0.3186437785625458,0,-0.28798985481262207,0,0.09868098050355911,-0.6995457410812378,2.325723171234131,0.8885242342948914,1.9165046215057373,0.7868608236312866,0.06534463912248611,-0.72630375623703,0.6946489810943604,-0.5136781334877014,0.10709615051746368,-0.3977645933628082,0.11325334012508392,-0.38019073009490967,0.05508989468216896,-0.337685227394104,0.029164617881178856,-0.5133395791053772,0.026661884039640427,-0.34823474287986755,2.188549757003784,2.529371976852417,0.04655417427420616,-0.33914807438850403,0.0,-0.2223404496908188,0.0,-0.27792811393737793,0.004844741430133581,-0.25746333599090576,0.1008991003036499,-0.5531090497970581,0.001071100472472608,-0.23530320823192596,0.0022019080352038145,-0.39004045724868774,0.0008997308905236423,-0.3196493983268738,0.0007196326623670757,-0.38645485043525696,0.004288143943995237,-0.465462863445282,0.05525990575551987,-0.4168251156806946,0.0017115012742578983,-0.45715853571891785,0.0014385170070454478,-0.38515204191207886,0.0015995731810107827,-0.28396955132484436,2.1103360652923584,1.7080559730529785,0.0,-0.2933651804924011,0.015005121007561684,-0.3809240758419037,0.002130445558577776,-0.2901934087276459,0.000738220289349556,-0.24199987947940826,0.0,-0.2826991081237793,0.0008393378811888397,-0.3026706874370575,0.0,-0.222846120595932,0.005956856533885002,-0.41098907589912415,0.25026431679725647,0.6991396546363831,0.0,-0.336017906665802,0.09949225932359695,0.5475227236747742,0.008022405207157135,-0.21439647674560547,0.0,-0.22296284139156342,0.03587089478969574,-0.18685026466846466,0.0,-0.21421009302139282,0.003147698473185301,-0.12256374955177307,0.004782783333212137,-0.46375206112861633,0.0014656614512205124,-0.2803724706172943,0.0,-0.24817419052124023,0.14166341722011566,-0.5020641088485718,0.6287317872047424,0.20086756348609924,1.2033274173736572,1.2649717330932617,0.9058024287223816,0.5226668119430542,4.074995994567871,1.9572521448135376,3.836979866027832,3.603898763656616,2.497718095779419,2.944732904434204,2.9406015872955322,3.4551093578338623,0.08814619481563568,-0.5319204926490784,0.011868638917803764,-0.27882587909698486,0.14429831504821777,0.02362891659140587,0.0036373732145875692,-0.2655017077922821,0.0004773020336870104,-0.24083681404590607,1.310269832611084,0.6628844141960144,1.2402467727661133,-0.6950830817222595,0.01892894133925438,-0.27524271607398987,0.019937416538596153,-0.26396310329437256,0.4220546782016754,0.7110724449157715,0.00047010043635964394,-0.21190787851810455,0.0006101375911384821,-0.21397952735424042,0.0,-0.20849600434303284,0.006225598510354757,-0.22238178551197052,0.00228457385674119,-0.2490694373846054,0.0,-0.20412413775920868,0.0018375824438408017,-0.242444708943367,0.11996237188577652,-0.42879652976989746,0.0,-0.2949678301811218,0.046696167439222336,-0.2614327669143677,0.0570366308093071,-0.40597003698349,0.24098850786685944,-0.32488250732421875,0.27380239963531494,-0.38363274931907654,0.000861506792716682,-0.1436590552330017,0.0,-0.3405873775482178,0.0,-0.37034207582473755,0.0025432375259697437,-0.2965083122253418,0.0,-0.3081064522266388,0.001810532878153026,-0.3993685245513916,0.003649005200713873,-0.2264082133769989,0.0,-0.20955772697925568
8,213,4,2,2,dendritic,b_plasma,1.7726417779922485,0.10637783259153366,1.6662639454007149,2,True,dendritic,-0.2343616485595703,1,-0.45798608660697937,0,-0.30350592732429504,0,-0.5375370383262634,0,0.10637783259153366,2,-0.23571334779262543,0,-0.17399044334888458,0,1.7726417779922485,2,0.560200035572052,-0.12464723736047745,0.40592479705810547,-0.9217696189880371,0.8232622742652893,-0.327450692653656,1.7052079439163208,1.0070528984069824,1.2526545524597168,0.16436167061328888,0.12177646160125732,-0.383750319480896,0.12255175411701202,-0.3716089129447937,0.0600157231092453,-0.3321843445301056,0.26063504815101624,-0.166867196559906,0.020190520212054253,-0.3615490198135376,0.0858207568526268,-0.6060774326324463,0.05355113744735718,-0.3296067416667938,0.0,-0.2223404496908188,0.0,-0.27792811393737793,0.0036697997711598873,-0.26105907559394836,0.24779312312602997,-0.160063236951828,0.0,-0.24001441895961761,0.008001400157809258,-0.3777395188808441,0.0,-0.3222736418247223,0.014082069508731365,-0.33878982067108154,0.0038740583695471287,-0.4663354754447937,0.013740946538746357,-0.4836677312850952,0.0018021081341430545,-0.4569341838359833,0.007224501576274633,-0.3739496171474457,0.0,-0.29200121760368347,0.2408308982849121,-1.7692488431930542,0.0,-0.2933651804924011,0.016638167202472687,-0.37943628430366516,0.0034408990759402514,-0.2602720558643341,0.0,-0.25500279664993286,0.0,-0.2826991081237793,0.0,-0.3157092034816742,0.0,-0.222846120595932,0.007529921364039183,-0.39778199791908264,0.015201437287032604,-0.6020384430885315,0.0,-0.336017906665802,0.0,-0.2745881974697113,0.007021596189588308,-0.2193996161222458,0.0,-0.22296284139156342,0.008084705099463463,-0.31822872161865234,0.0,-0.21421009302139282,0.0,-0.23798377811908722,0.001853775349445641,-0.47114863991737366,0.0013902969658374786,-0.28053709864616394,0.0,-0.24817419052124023,0.15338240563869476,-0.4832763373851776,0.17797903716564178,-0.5767236351966858,0.16832830011844635,-0.6320102214813232,0.20450471341609955,-0.6900900602340698,0.44431015849113464,-0.659375786781311,0.08249940723180771,-0.35496488213539124,0.08995957672595978,-0.636436939239502,0.023457426577806473,-0.4608784019947052,0.1892634779214859,-0.34407734870910645,0.008882089518010616,-0.2846677899360657,0.00838426686823368,-0.5968767404556274,0.012758214958012104,-0.24544385075569153,0.0026324456557631493,-0.21497583389282227,1.3325477838516235,0.6986380815505981,4.880307674407959,2.091059923171997,0.002247232710942626,-0.3062986433506012,0.014419497922062874,-0.2708006799221039,0.23677416145801544,0.08676593750715256,0.013252315111458302,-0.17287573218345642,0.0,-0.21545185148715973,0.0,-0.20849600434303284,0.013392221182584763,-0.2107555866241455,0.07058367133140564,-0.13343945145606995,0.0,-0.20412413775920868,0.0,-0.2626403868198395,0.12650837004184723,-0.4186692237854004,0.0,-0.2949678301811218,0.02393326722085476,-0.29477548599243164,0.11064527928829193,-0.3236033022403717,0.16235335171222687,-0.38455864787101746,0.22348777949810028,-0.42548900842666626,0.0,-0.20922322571277618,0.0022522874642163515,0.12648530304431915,0.003327731741592288,0.293231338262558,0.0015550715615972877,-0.2986491918563843,0.01476358249783516,-0.272271990776062,0.019473455846309662,-0.35776811838150024,2.2711660861968994,4.893451690673828,0.867367148399353,4.898446559906006
9,269,4,2,2,dendritic,macrophage_monocyte,1.187947392463684,0.34073033928871155,0.8472170531749725,3,True,dendritic,0.34073033928871155,5,-0.39242956042289734,0,-0.28858283162117004,0,-0.5415064692497253,0,-0.01006435975432396,2,-0.25901657342910767,0,-0.004005747381597757,0,1.187947392463684,3,1.7731337547302246,1.3862628936767578,2.2496843338012695,0.8168226480484009,2.173027515411377,1.0483274459838867,2.036939859390259,1.3576977252960205,1.8308436870574951,0.8669267892837524,0.5797509551048279,0.05344577878713608,0.4484732151031494,-0.07080397009849548,0.27550530433654785,-0.09153643995523453,0.7055869698524475,0.4991511404514313,0.23271021246910095,0.07569179683923721,0.13804276287555695,-0.5282074213027954,0.0723884254693985,-0.3039194941520691,0.019959859549999237,-0.16953855752944946,0.01633233018219471,0.2455105483531952,0.06450697034597397,-0.07487630844116211,0.1948251873254776,-0.3017900884151459,0.0,-0.24001441895961761,0.0,-0.39471080899238586,0.0,-0.3222736418247223,0.0012536365538835526,-0.384550005197525,0.0063004265539348125,-0.46122223138809204,0.11058871448040009,-0.327749639749527,0.0014026976423338056,-0.45792320370674133,0.0014026976423338056,-0.385221391916275,0.0202450193464756,-0.19034826755523682,0.67218416929245,-0.9669259786605835,0.0,-0.2933651804924011,0.02096974104642868,-0.3754899501800537,0.007999304682016373,-0.15619084239006042,0.0,-0.25500279664993286,0.0,-0.2826991081237793,0.0,-0.3157092034816742,0.0,-0.222846120595932,0.0012666169786825776,-0.45036715269088745,0.017738617956638336,-0.5879939794540405,0.0,-0.336017906665802,0.004989740438759327,-0.23335766792297363,0.004552510101348162,-0.2317427545785904,0.0,-0.22296284139156342,0.036689452826976776,-0.18297997117042542,0.0,-0.21421009302139282,0.0,-0.23798377811908722,0.01256642397493124,-0.44409605860710144,0.0,-0.28357377648353577,0.0,-0.24817419052124023,0.14228644967079163,-0.5010652542114258,0.1438414305448532,-0.6356142163276672,0.1740628331899643,-0.6214997172355652,0.1540350615978241,-0.7773674726486206,0.3955231308937073,-0.694536566734314,0.12941719591617584,-0.305493026971817,0.09512054920196533,-0.6287607550621033,0.04371606558561325,-0.4336831271648407,0.22615841031074524,-0.27553850412368774,0.008369834162294865,-0.28566980361938477,0.03632233664393425,-0.46932750940322876,0.006298694293946028,-0.2596491277217865,0.007535435259342194,-0.15614165365695953,1.3008941411972046,0.6478374600410461,4.00147819519043,1.4183940887451172,0.012040235102176666,-0.2880672812461853,0.017151499167084694,-0.26741528511047363,0.0832490473985672,-0.4305400550365448,0.0014966632006689906,-0.20877313613891602,0.0013722119620069861,-0.21214056015014648,0.0015372006455436349,-0.20527713000774384,0.007293563336133957,-0.22064925730228424,0.002570011653006077,-0.24858617782592773,0.0,-0.20412413775920868,0.0,-0.2626403868198395,0.09075041860342026,-0.4739902913570404,0.0,-0.2949678301811218,0.029887454584240913,-0.2860538959503174,0.4841339886188507,0.25024157762527466,0.5176955461502075,-0.11488977819681168,0.8143975138664246,0.06608354300260544,0.0,-0.20922322571277618,0.0014928863383829594,-0.03099704161286354,0.0033456210512667894,0.29679858684539795,1.0086207389831543,1.8831701278686523,1.029116153717041,2.1897854804992676,1.0774061679840088,2.133915901184082,0.07309095561504364,-0.0696142241358757,0.002044055378064513,-0.19752009212970734
10,1291,4,2,2,neutrophil,epithelial,2.0998454093933105,0.32247641682624817,1.7773689925670624,4,True,neutrophil,0.22993654012680054,4,0.12238502502441406,2,-0.30608171224594116,0,-0.6977788805961609,0,-0.4744306802749634,0,0.32247641682624817,1,2.0998454093933105,4,-0.28909409046173096,0,2.637120485305786,2.4625015258789062,2.816427707672119,1.3512392044067383,1.4250057935714722,0.28588974475860596,1.350232481956482,0.6318392157554626,2.823439121246338,2.073042392730713,0.11014792323112488,-0.3948512673377991,0.16669897735118866,-0.3308637738227844,0.05537963658571243,-0.3373616635799408,0.05072234198451042,-0.4810712933540344,0.034259602427482605,-0.3326030969619751,0.19262871146202087,-0.44681254029273987,0.04683138430118561,-0.3387700617313385,0.02574659138917923,-0.15423031151294708,0.0,-0.27792811393737793,0.0036982137244194746,-0.26097211241722107,0.619479238986969,0.8344610333442688,0.0,-0.24001441895961761,0.0016352040693163872,-0.39124247431755066,0.0,-0.3222736418247223,0.0020918785594403744,-0.38155993819236755,0.00754360668361187,-0.45860233902931213,0.004349847789853811,-0.4987867474555969,0.0071538412012159824,-0.4436820149421692,0.00413209293037653,-0.37993693351745605,0.0,-0.29200121760368347,1.0992660522460938,-0.17254787683486938,0.15889602899551392,4.720035076141357,0.012898528948426247,-0.3828432857990265,0.0021184864453971386,-0.2904664874076843,0.0,-0.25500279664993286,0.0,-0.2826991081237793,0.0,-0.3157092034816742,0.0,-0.222846120595932,0.0,-0.46100136637687683,0.0,-0.6861851215362549,0.0018469166243448853,-0.15022480487823486,0.0,-0.2745881974697113,0.0015443610027432442,-0.24678070843219757,0.0,-0.22296284139156342,0.0018810592591762543,-0.3475607633590698,0.0,-0.21421009302139282,0.0,-0.23798377811908722,0.0016191162867471576,-0.4717412292957306,0.0038099007215350866,-0.27525219321250916,0.0,-0.24817419052124023,0.058583371341228485,-0.6352570652961731,0.03507925942540169,-0.823239266872406,0.0609809011220932,-0.8287601470947266,0.04771634191274643,-0.9612249135971069,0.18487265706062317,-0.8463519215583801,0.07195909321308136,-0.3660790026187897,0.01840681955218315,-0.7428606152534485,0.019008219242095947,-0.46685105562210083,0.04644595831632614,-0.6093860268592834,0.007565668784081936,-0.2872428297996521,0.0034769270569086075,-0.6192808151245117,0.005980432499200106,-0.2603490352630615,0.0,-0.24656428396701813,0.7560012340545654,-0.22665560245513916,0.3529261648654938,-1.3742481470108032,0.005208936519920826,-0.3007848858833313,0.02032463066279888,-0.2634832561016083,0.005870973225682974,-0.6912670731544495,0.0,-0.21334339678287506,0.0037272414192557335,-0.20645762979984283,0.0014506725128740072,-0.20545832812786102,0.006395574659109116,-0.22210603952407837,0.0017153180669993162,-0.2500331699848175,0.0,-0.20412413775920868,0.46766167879104614,4.877120018005371,0.15257485210895538,-0.37834176421165466,0.0,-0.2949678301811218,3.2820582389831543,4.4776716232299805,2.959859848022461,4.054058074951172,5.444324016571045,3.6239237785339355,4.898265361785889,3.4634170532226562,0.0,-0.20922322571277618,0.0,-0.3405873775482178,0.0,-0.37034207582473755,0.0,-0.30201828479766846,0.0,-0.3081064522266388,0.0016630010213702917,-0.39971601963043213,0.0037979374174028635,-0.22607192397117615,0.0,-0.20955772697925568
11,779,4,2,2,b_plasma,endothelial,2.6505892276763916,-0.2197086215019226,2.870297849178314,6,True,b_plasma,-0.47847822308540344,0,-0.2197086215019226,1,-0.2916240096092224,0,-0.544737696647644,0,2.6505892276763916,6,-0.2563377320766449,0,-0.33748793601989746,0,-0.23307815194129944,0,0.19849185645580292,-0.5752147436141968,0.15076296031475067,-1.1623772382736206,0.09816303849220276,-1.0665241479873657,0.11449618637561798,-0.6743499636650085,1.1538336277008057,0.04428308084607124,0.10321437567472458,-0.40147024393081665,0.11094724386930466,-0.3823191225528717,0.03988262265920639,-0.35466793179512024,0.06524054706096649,-0.45933997631073,0.017072701826691628,-0.36796364188194275,0.038460563868284225,-0.676697850227356,0.0377269871532917,-0.351185142993927,0.0016942436341196299,-0.21785849332809448,0.0,-0.27792811393737793,0.006120345555245876,-0.25355952978134155,0.08076098561286926,-0.6069928407669067,0.0,-0.24001441895961761,0.0,-0.39471080899238586,0.0012482247548177838,-0.31863293051719666,0.012591925449669361,-0.3441052734851837,0.006461514625698328,-0.4608827233314514,0.02020130306482315,-0.4732670485973358,0.005022277124226093,-0.4489602744579315,0.0060166530311107635,-0.37628817558288574,0.002013079123571515,-0.281893253326416,2.0940325260162354,1.6777312755584717,0.0024824710562825203,-0.21503961086273193,0.023531474173069,-0.3731561005115509,0.010101108811795712,-0.10820073634386063,0.0,-0.25500279664993286,0.001034611719660461,-0.26729533076286316,0.0,-0.3157092034816742,0.0,-0.222846120595932,0.0028876198921352625,-0.4367575943470001,0.004845533985644579,-0.6593629121780396,0.0,-0.336017906665802,0.0,-0.2745881974697113,0.015333970077335835,-0.17784543335437775,0.0,-0.22296284139156342,0.016645774245262146,-0.2777503430843353,0.0,-0.21421009302139282,0.001124031376093626,-0.19676771759986877,0.0038045872934162617,-0.46622225642204285,0.002600241918116808,-0.2778943181037903,0.0,-0.24817419052124023,0.08989936113357544,-0.5850516557693481,0.08219711482524872,-0.7419565320014954,0.05807551369071007,-0.8340852856636047,0.6285833716392517,0.04327080026268959,0.2555975615978241,-0.7953805923461914,0.06629791855812073,-0.37204834818840027,0.05387825518846512,-0.6901023387908936,0.026421263813972473,-0.4568997919559479,0.12127100676298141,-0.4703853130340576,2.483154058456421,4.555181503295898,1.1520432233810425,4.624414443969727,2.3428966999053955,4.878814697265625,0.4261409044265747,4.866979598999023,2.8649725914001465,3.158010959625244,4.163426876068115,1.542351484298706,0.22732806205749512,0.1127283126115799,0.5483964681625366,0.39088261127471924,0.1296888291835785,-0.27406027913093567,0.0,-0.21334339678287506,0.003467119764536619,-0.20708534121513367,0.0014320435002446175,-0.20549733936786652,0.009187288582324982,-0.21757714450359344,0.013341517187654972,-0.2303500920534134,0.0,-0.20412413775920868,0.0017150434432551265,-0.24379146099090576,0.08020658791065216,-0.4903026819229126,0.0,-0.2949678301811218,0.048989973962306976,-0.2580728530883789,0.0510895811021328,-0.4151073396205902,0.20296238362789154,-0.3537404537200928,0.2356850951910019,-0.41534218192100525,0.0,-0.20922322571277618,0.0,-0.3405873775482178,0.0,-0.37034207582473755,0.0,-0.30201828479766846,0.11309683322906494,-0.0335954949259758,0.004653673153370619,-0.39267227053642273,0.003144698217511177,-0.22754690051078796,0.0,-0.20955772697925568
12,366,4,2,2,t_nk,b_plasma,0.469446063041687,0.21094751358032227,0.25849854946136475,4,False,ambiguous,-0.3833913505077362,0,-0.3734218180179596,0,-0.27290159463882446,0,0.469446063041687,4,0.21094751358032227,1,-0.23825328052043915,0,-0.32684168219566345,0,-0.26294976472854614,0,0.21384334564208984,-0.5560919046401978,1.0615302324295044,-0.30355966091156006,0.7101682424545288,-0.4427242875099182,0.1148722916841507,-0.6739524006843567,0.7481223940849304,-0.4487019181251526,0.11526398360729218,-0.38996732234954834,0.13559475541114807,-0.35957103967666626,0.04389728605747223,-0.3501845598220825,0.10453738272190094,-0.4005191922187805,0.0164117943495512,-0.36932340264320374,0.24266327917575836,-0.37220433354377747,0.052405789494514465,-0.33116859197616577,0.0,-0.2223404496908188,0.0,-0.27792811393737793,0.006423212122172117,-0.25263267755508423,0.15514159202575684,-0.40797188878059387,0.0,-0.24001441895961761,0.009351976215839386,-0.37487488985061646,0.0,-0.3222736418247223,0.0,-0.3890218436717987,0.012516790069639683,-0.44812193512916565,0.03901096060872078,-0.44298478960990906,0.003234673058614135,-0.4533868134021759,0.0020661484450101852,-0.3839368522167206,0.019515976309776306,-0.19400888681411743,0.8398500680923462,-0.65506511926651,0.004197311587631702,-0.16093389689922333,0.013946718536317348,-0.38188832998275757,0.0005381926894187927,-0.3265490233898163,0.0,-0.25500279664993286,0.0,-0.2826991081237793,0.0,-0.3157092034816742,0.0,-0.222846120595932,0.022305527701973915,-0.2737296223640442,0.06079581379890442,-0.3496531546115875,0.0,-0.336017906665802,0.0029604106675833464,-0.2501261532306671,0.00643706601113081,-0.22232170403003693,0.0,-0.22296284139156342,0.0493122898042202,-0.12329676002264023,0.0,-0.21421009302139282,0.0,-0.23798377811908722,0.0005381926894187927,-0.474470853805542,0.0,-0.28357377648353577,0.0,-0.24817419052124023,1.091915249824524,1.0213685035705566,0.9897575974464417,0.823671281337738,0.8848574161529541,0.6812689900398254,1.043519377708435,0.7608212828636169,2.0129528045654297,0.4711417257785797,0.16879773139953613,-0.26396873593330383,0.6968218684196472,0.266177237033844,0.4681411385536194,0.13606704771518707,0.5512990355491638,0.3284674286842346,0.12875361740589142,-0.050190702080726624,0.10520965605974197,-0.15482750535011292,0.1315012127161026,0.015686484053730965,0.004195910878479481,-0.19621481001377106,1.0298895835876465,0.21290501952171326,1.8842145204544067,-0.20218299329280853,1.1628373861312866,1.8543407917022705,0.634993314743042,0.4981900155544281,0.18752551078796387,-0.07917839288711548,0.007470404729247093,-0.19053153693675995,0.0036779495421797037,-0.20657658576965332,0.0,-0.20849600434303284,0.0,-0.23248139023780823,0.02700282260775566,-0.20722156763076782,0.0,-0.20412413775920868,0.0029973082710057497,-0.22969892621040344,0.15784943103790283,-0.37018147110939026,0.0,-0.2949678301811218,0.032637886703014374,-0.28202512860298157,0.08261708915233612,-0.36666709184646606,0.2264893800020218,-0.3358858823776245,0.27436938881874084,-0.3831610679626465,0.0,-0.20922322571277618,0.0,-0.3405873775482178,0.0,-0.37034207582473755,0.0451146624982357,-0.20427682995796204,0.0,-0.3081064522266388,0.014959095977246761,-0.36840054392814636,0.004535224288702011,-0.22440719604492188,0.0,-0.20955772697925568
13,1287,4,2,2,t_nk,b_plasma,0.739368200302124,-0.06254740804433823,0.8019156083464622,6,True,t_nk,-0.29958730936050415,1,-0.3395281434059143,0,-0.28534066677093506,0,0.739368200302124,6,-0.06254740804433823,1,-0.2450253963470459,0,-0.31687062978744507,0,-0.2860327363014221,0,0.10440865159034729,-0.692410945892334,1.9179866313934326,0.5040448307991028,1.2733124494552612,0.13127294182777405,0.08648352324962616,-0.7039597034454346,0.7260599732398987,-0.47551023960113525,0.0858723595738411,-0.4180254638195038,0.10232596099376678,-0.3902760148048401,0.04319481551647186,-0.3509690761566162,0.02464248426258564,-0.5201084613800049,0.019238246604800224,-0.3635082244873047,0.3957870304584503,-0.14387638866901398,0.05761740729212761,-0.3240618109703064,0.0029439188074320555,-0.2145525962114334,0.0,-0.27792811393737793,0.0059957802295684814,-0.25394076108932495,0.3092629611492157,0.0044122254475951195,0.0,-0.24001441895961761,0.0016219743993133307,-0.3912705183029175,0.0009983839699998498,-0.3193616569042206,0.002779503120109439,-0.3791070878505707,0.008330253884196281,-0.4569445848464966,0.0614444762468338,-0.4068683683872223,0.0028450258541852236,-0.45435166358947754,0.004807036370038986,-0.378630131483078,0.0034431021194905043,-0.2747129201889038,0.9455810189247131,-0.4584041237831116,0.0006772623164579272,-0.27199655771255493,0.008757023140788078,-0.38661640882492065,0.0016130651347339153,-0.30200666189193726,0.0,-0.25500279664993286,0.0,-0.2826991081237793,0.0,-0.3157092034816742,0.0,-0.222846120595932,0.003378558438271284,-0.4326358139514923,0.04228312522172928,-0.45212915539741516,0.0,-0.336017906665802,0.002157802926376462,-0.2567581236362457,0.009730590507388115,-0.20585712790489197,0.0,-0.22296284139156342,0.04727647826075554,-0.1329224705696106,0.0,-0.21421009302139282,0.0005410350859165192,-0.21814507246017456,0.0026487589348107576,-0.4691410958766937,0.0,-0.28357377648353577,0.0,-0.24817419052124023,0.9328004121780396,0.7662774324417114,1.3943618535995483,1.5216519832611084,1.65083646774292,2.085181713104248,1.1797773838043213,0.996452808380127,3.245905876159668,1.3597285747528076,0.07486003637313843,-0.363020122051239,1.0642508268356323,0.8126711845397949,0.15636685490608215,-0.28246018290519714,0.24412110447883606,-0.24216964840888977,0.005874786991626024,-0.2905502915382385,0.08403607457876205,-0.2514939308166504,0.057162027806043625,-0.1477944403886795,0.0,-0.24656428396701813,1.2065396308898926,0.4964088797569275,1.822484016418457,-0.24943220615386963,0.006965432781726122,-0.2975148856639862,0.015681559219956398,-0.2692367732524872,0.4167657494544983,0.6932512521743774,0.0012892313534393907,-0.2094065546989441,0.002026580274105072,-0.21056149899959564,0.0015286379493772984,-0.20529507100582123,0.007004076149314642,-0.22111888229846954,0.007365148048847914,-0.24046804010868073,0.0,-0.20412413775920868,0.0023884389083832502,-0.236390620470047,0.1496310979127884,-0.3828960359096527,0.0,-0.2949678301811218,0.04152456670999527,-0.2690080404281616,0.04745643213391304,-0.4206894636154175,0.1756563037633896,-0.3744630217552185,0.20211806893348694,-0.44326627254486084,0.0,-0.20922322571277618,0.0,-0.3405873775482178,0.0010505415266379714,-0.16085660457611084,0.001344812917523086,-0.2991047203540802,0.0009207402472384274,-0.3058716058731079,0.003450946416705847,-0.39550498127937317,0.006431917659938335,-0.22012463212013245,0.0,-0.20955772697925568
14,218,4,2,2,endothelial,mesenchymal_hsc_myofibroblast,1.1193976402282715,0.11737820506095886,1.0020194351673126,8,True,endothelial,-0.3723805546760559,0,1.1193976402282715,8,0.11737820506095886,4,-0.5830419063568115,0,-0.35986432433128357,0,-0.1804232895374298,0,-0.2743765413761139,0,-0.2779926657676697,0,0.21073590219020844,-0.5599627494812012,0.32328853011131287,-0.9996923208236694,0.2885337173938751,-0.8724846839904785,0.27536043524742126,-0.5043143630027771,0.3832164406776428,-0.892103910446167,0.5116021037101746,-0.011611146852374077,0.4514349400997162,-0.06807048618793488,0.2055775672197342,-0.16962820291519165,0.18405376374721527,-0.281496524810791,0.11028828471899033,-0.17618069052696228,0.10779374092817307,-0.5733127593994141,0.29017195105552673,-0.006941486615687609,0.0,-0.2223404496908188,0.009443281218409538,0.024721810594201088,0.0,-0.272289901971817,0.4123203754425049,0.2801640033721924,0.035179611295461655,-0.0852774977684021,1.328766942024231,2.423654794692993,0.32057157158851624,0.61274254322052,0.5431916117668152,1.5485928058624268,1.2917938232421875,2.2478036880493164,1.775524616241455,2.3526804447174072,0.9723166227340698,1.9462878704071045,0.857206404209137,1.2717232704162598,0.0293062012642622,-0.14485086500644684,0.9071167707443237,-0.5299481153488159,0.0,-0.2933651804924011,3.640350818634033,2.9219627380371094,0.0,-0.33883747458457947,0.0,-0.25500279664993286,0.0,-0.2826991081237793,0.0,-0.3157092034816742,0.0,-0.222846120595932,0.1411980837583542,0.7244630455970764,0.2942730486392975,0.9427475929260254,0.0,-0.336017906665802,0.0,-0.2745881974697113,0.007781707216054201,-0.21559976041316986,0.008407878689467907,0.12565337121486664,0.02468596212565899,-0.23973478376865387,0.0,-0.21421009302139282,0.0,-0.23798377811908722,0.9735283255577087,1.9826165437698364,0.7714157700538635,1.4013524055480957,0.0,-0.24817419052124023,0.11719135195016861,-0.541297435760498,0.13449981808662415,-0.6517294049263,0.13452886044979095,-0.6939589381217957,0.20909355580806732,-0.6821545958518982,0.3335379958152771,-0.7392091751098633,0.07189945131540298,-0.3661418855190277,0.04903574660420418,-0.6973047852516174,0.021819807589054108,-0.46307680010795593,0.15242905914783478,-0.41250374913215637,0.007888613268733025,-0.2866111099720001,0.24092987179756165,0.46479323506355286,0.0026720305904746056,-0.2676245868206024,0.0,-0.24656428396701813,0.06494693458080292,-1.3357216119766235,1.3093098402023315,-0.6422214508056641,0.0,-0.3104822337627411,0.07838784158229828,-0.19153361022472382,0.08554224669933319,-0.4228130877017975,0.0,-0.21334339678287506,0.0,-0.21545185148715973,0.011469090357422829,-0.18448002636432648,0.01334204338490963,-0.2108370065689087,0.02020471915602684,-0.21873071789741516,0.0,-0.20412413775920868,0.0026720305904746056,-0.23327386379241943,0.4949839413166046,0.151399165391922,0.0,-0.2949678301811218,0.07177659869194031,-0.2246953845024109,0.057271361351013184,-0.4056093990802765,0.3890807330608368,-0.21249543130397797,0.5454123616218567,-0.15768282115459442,0.0,-0.20922322571277618,0.0,-0.3405873775482178,0.0,-0.37034207582473755,0.0,-0.30201828479766846,0.0,-0.3081064522266388,0.02887149713933468,-0.3356335163116455,0.0,-0.23464734852313995,0.0,-0.20955772697925568
15,170,4,2,2,b_plasma,neutrophil,1.4126348495483398,-0.1120305061340332,1.524665355682373,4,True,b_plasma,-0.42390793561935425,0,-0.37143945693969727,0,-0.29465386271476746,0,-0.6059523224830627,0,1.4126348495483398,4,-0.24963906407356262,0,-0.1120305061340332,1,-0.21793179214000702,0,0.15809006989002228,-0.6255418658256531,0.49494409561157227,-0.8378279805183411,0.46903494000434875,-0.6885047554969788,0.22087284922599792,-0.5619084239006042,0.9043854475021362,-0.2588246464729309,0.0829431563615799,-0.42082175612449646,0.08916793018579483,-0.4024200737476349,0.05298371985554695,-0.3400372862815857,0.19799266755580902,-0.26063233613967896,0.0025869563687592745,-0.3977668285369873,0.05424031242728233,-0.6531680822372437,0.050046708434820175,-0.3343855142593384,0.012647220864892006,-0.1888834536075592,0.003989353775978088,-0.150072380900383,0.011262173764407635,-0.23782378435134888,0.17856675386428833,-0.34529292583465576,0.006050163879990578,-0.2134028822183609,0.0,-0.39471080899238586,0.0,-0.3222736418247223,0.0012793871574103832,-0.38445815443992615,0.015989605337381363,-0.4408034086227417,0.004560920875519514,-0.4984469413757324,0.011424400843679905,-0.43310707807540894,0.014389941468834877,-0.3600763976573944,0.01592213287949562,-0.2120540589094162,0.7338255047798157,-0.8522722125053406,0.009835254400968552,0.01695137657225132,0.006397645454853773,-0.38876596093177795,0.00824742577970028,-0.1505255401134491,0.0,-0.25500279664993286,0.0,-0.2826991081237793,0.0,-0.3157092034816742,0.0,-0.222846120595932,0.010822437703609467,-0.37013882398605347,0.0,-0.6861851215362549,0.0,-0.336017906665802,0.0009601012570783496,-0.2666548192501068,0.015077735297381878,-0.17912635207176208,0.0,-0.22296284139156342,0.008950912393629551,-0.3141331374645233,0.0,-0.21421009302139282,0.0008914173813536763,-0.20529723167419434,0.007908386178314686,-0.45585897564888,0.0,-0.28357377648353577,0.0,-0.24817419052124023,0.06028902530670166,-0.6325225830078125,0.07761972397565842,-0.7498529553413391,0.05488232895731926,-0.8399378657341003,0.08025581389665604,-0.9049542546272278,0.19031502306461334,-0.8424296379089355,0.021080229431390762,-0.4197275638580322,0.05370261147618294,-0.6903635263442993,0.5106884241104126,0.19318272173404694,0.06928148865699768,-0.5669649839401245,0.9704810380935669,1.5962870121002197,0.2463301420211792,0.48944777250289917,0.035263918340206146,-0.19595105946063995,0.04905504360795021,0.3420793414115906,0.6510813236236572,-0.39504048228263855,2.2541861534118652,0.08099739998579025,2.549569606781006,4.435983180999756,4.112810134887695,4.807764053344727,0.6716669797897339,1.5521461963653564,0.0,-0.21334339678287506,0.0,-0.21545185148715973,0.0026782541535794735,-0.20288780331611633,0.006890584249049425,-0.22130301594734192,0.02084752917289734,-0.21764245629310608,0.0,-0.20412413775920868,0.009104866534471512,-0.16257479786872864,0.06459446251392365,-0.5144562125205994,0.0,-0.2949678301811218,0.038292136043310165,-0.2737428545951843,0.07393422722816467,-0.380007803440094,0.22981293499469757,-0.3333636224269867,0.22203920781612396,-0.4266940653324127,0.0,-0.20922322571277618,0.0,-0.3405873775482178,0.007771776523441076,1.1794054508209229,0.14587154984474182,0.014014122076332569,0.00210190168581903,-0.3030046820640564,0.005761019419878721,-0.39006420969963074,0.0029017000924795866,-0.22809554636478424,0.004593067802488804,-0.18250873684883118
16,5723,4,2,2,t_nk,b_plasma,1.272157073020935,-0.13031105697155,1.402468129992485,6,True,t_nk,-0.4557923376560211,0,-0.2871207594871521,0,-0.25299835205078125,0,1.272157073020935,6,-0.13031105697155,1,-0.23997633159160614,0,-0.33958277106285095,0,-0.2835971713066101,0,0.1434306502342224,-0.6438025832176208,0.5019503235816956,-0.831221342086792,0.07597961276769638,-1.0891351699829102,0.10127121210098267,-0.6883289217948914,0.6354235410690308,-0.5856437683105469,0.13604344427585602,-0.37013065814971924,0.14008022844791412,-0.3554312288761139,0.058380525559186935,-0.33401045203208923,0.042513780295848846,-0.4933581054210663,0.0328821986913681,-0.33543699979782104,0.45613259077072144,-0.053893107920885086,0.06532435864210129,-0.3135523200035095,0.0009806248126551509,-0.21974630653858185,0.0,-0.27792811393737793,0.008830145932734013,-0.2452666163444519,0.28216639161109924,-0.06809034198522568,0.001020677387714386,-0.235524982213974,0.0030539578292518854,-0.3882332444190979,0.0014686067588627338,-0.31799015402793884,0.0013858349993824959,-0.3840784430503845,0.008871854282915592,-0.4558032155036926,0.04012500122189522,-0.44119125604629517,0.004356075078248978,-0.45060995221138,0.0025143332313746214,-0.38306909799575806,0.0018399421824142337,-0.2827626168727875,1.3733973503112793,0.3373400568962097,0.0003584865480661392,-0.2820543944835663,0.015467783436179161,-0.3805025517940521,0.000802716996986419,-0.3205091655254364,0.0,-0.25500279664993286,0.0,-0.2826991081237793,0.0005882084951736033,-0.3065718114376068,0.0,-0.222846120595932,0.004486738704144955,-0.4233317971229553,0.1283731609582901,0.02441762201488018,0.00036177801666781306,-0.29962435364723206,0.0016043116338551044,-0.2613316774368286,0.006288768723607063,-0.22306306660175323,0.0,-0.22296284139156342,0.06089293584227562,-0.06854123622179031,0.0,-0.21421009302139282,0.0,-0.23798377811908722,0.002669890644028783,-0.46908771991729736,0.0021173818968236446,-0.27894899249076843,0.0001746153284329921,-0.23867517709732056,2.0892696380615234,2.6203153133392334,1.9099390506744385,2.411071538925171,1.973253846168518,2.676119327545166,1.6732332706451416,1.8497880697250366,2.893465042114258,1.1057251691818237,0.11269485205411911,-0.3231256902217865,0.8040285110473633,0.4256305992603302,0.19322119653224945,-0.23298676311969757,0.8680426478385925,0.9168744087219238,0.008367367088794708,-0.2856746315956116,0.06105951964855194,-0.3563917279243469,0.1843908280134201,0.13199719786643982,0.0003295401984360069,-0.242609903216362,1.4247854948043823,0.8466694355010986,1.8271404504776,-0.24586813151836395,0.012279925867915154,-0.28762102127075195,0.016855083405971527,-0.267782598733902,0.07286831736564636,-0.46551814675331116,0.0007410876569338143,-0.2110803872346878,0.0014395085163414478,-0.21197816729545593,0.0018926355987787247,-0.20453287661075592,0.004527886863797903,-0.2251359522342682,0.011313867755234241,-0.23378287255764008,0.0,-0.20412413775920868,0.0012196894967928529,-0.24923557043075562,0.18708635866641998,-0.3249490261077881,0.0,-0.2949678301811218,0.03563147410750389,-0.277640163898468,0.037770409137010574,-0.4355715215206146,0.20032280683517456,-0.3557436466217041,0.2685868740081787,-0.3879714906215668,0.0,-0.20922322571277618,0.0,-0.3405873775482178,0.0,-0.37034207582473755,0.002221879782155156,-0.29720452427864075,0.0018933311803266406,-0.3035109341144562,0.006763122510164976,-0.3877040147781372,0.005002629477530718,-0.2233518362045288,0.0005676746368408203,-0.20621463656425476
17,1669,4,2,2,t_nk,epithelial,0.011999513953924179,-0.24562464654445648,0.25762416049838066,2,False,ambiguous,-0.2700820565223694,2,-0.41968250274658203,0,-0.3036971092224121,0,0.011999513953924179,2,-0.28884705901145935,0,-0.24562464654445648,0,-0.2527841627597809,0,-0.27986016869544983,0,0.1606544852256775,-0.6223474740982056,2.123917579650879,0.6982295513153076,2.090754985809326,0.9644693732261658,0.1501581370830536,-0.636654794216156,0.5712342262268066,-0.6636410355567932,0.07073115557432175,-0.4324796795845032,0.07552581280469894,-0.41501086950302124,0.03687211498618126,-0.35802993178367615,0.025183958932757378,-0.5192979574203491,0.006195483263581991,-0.3903425931930542,0.10108226537704468,-0.5833204984664917,0.02602577768266201,-0.36714139580726624,0.005804837681353092,-0.20698431134223938,0.0007212479831650853,-0.25481268763542175,0.002752444939687848,-0.26386648416519165,0.032723188400268555,-0.7355280518531799,0.00484286667779088,-0.21871314942836761,0.003428991651162505,-0.38743776082992554,0.007191140670329332,-0.301299124956131,0.003716646460816264,-0.37576422095298767,0.020768532529473305,-0.4307323694229126,0.042951799929142,-0.43664032220840454,0.00212112907320261,-0.45614418387413025,0.00635094428434968,-0.3756409287452698,0.0043061221949756145,-0.27037960290908813,0.7493091821670532,-0.8234723806381226,0.0010031277779489756,-0.2617150545120239,0.013379433192312717,-0.382405161857605,0.002067477209493518,-0.29163113236427307,0.0,-0.25500279664993286,0.0,-0.2826991081237793,0.0,-0.3157092034816742,0.00046996877063065767,-0.20105205476284027,0.0,-0.46100136637687683,0.00830489955842495,-0.6402137875556946,0.0,-0.336017906665802,0.0,-0.2745881974697113,0.008134713396430016,-0.21383503079414368,0.0,-0.22296284139156342,0.025295667350292206,-0.2368519902229309,0.0,-0.21421009302139282,0.0007052206783555448,-0.21212469041347504,0.0010404505301266909,-0.47320255637168884,0.0,-0.28357377648353577,0.0,-0.24817419052124023,0.05426912382245064,-0.6421735882759094,0.4344465136528015,-0.13429294526576996,0.5048471689224243,-0.015226848423480988,0.7910552620887756,0.32423409819602966,2.8497674465179443,1.0742323398590088,0.08253435790538788,-0.35492801666259766,0.9248276352882385,0.6053006649017334,0.10530509054660797,-0.35100576281547546,0.1601588875055313,-0.3981442451477051,0.010852733626961708,-0.280813068151474,0.12469885498285294,-0.06585098803043365,0.013916951604187489,-0.24289564788341522,0.0002466195437591523,-0.24360492825508118,0.7443580627441406,-0.24534159898757935,1.3729546070098877,-0.5935069918632507,0.0034452949184924364,-0.3040682077407837,0.008735311217606068,-0.27784428000450134,0.10842841863632202,-0.34569764137268066,0.0009923938196152449,-0.21031299233436584,0.006999888923019171,-0.1985604166984558,0.004590690601617098,-0.19888322055339813,0.0033456585370004177,-0.22705383598804474,0.009196160361170769,-0.2373681515455246,0.0,-0.20412413775920868,0.002348460955545306,-0.2368299961090088,0.1205570250749588,-0.4278765618801117,0.0007331034285016358,-0.26961246132850647,0.03799128532409668,-0.2741835415363312,0.08414942771196365,-0.3643127381801605,0.2254764586687088,-0.33665457367897034,0.2609267830848694,-0.39434385299682617,0.0,-0.20922322571277618,0.0,-0.3405873775482178,0.002608524402603507,0.14981625974178314,0.01384149119257927,-0.2720305025577545,0.0037757239770144224,-0.2989419400691986,0.002500789938494563,-0.3977428376674652,0.006031926721334457,-0.22102776169776917,0.0,-0.20955772697925568
18,6858,4,2,2,t_nk,mesenchymal_hsc_myofibroblast,1.2331475019454956,-0.23686453700065613,1.4700120389461517,5,True,t_nk,-0.5113530158996582,0,-0.38093477487564087,0,-0.23686453700065613,0,1.2331475019454956,5,-0.30131465196609497,0,-0.2457464337348938,0,-0.32863596081733704,0,-0.2868460714817047,0,0.34880703687667847,-0.38797226548194885,0.42379963397979736,-0.904914379119873,0.06745118647813797,-1.0978277921676636,0.10537620633840561,-0.683989942073822,0.46225041151046753,-0.7960686683654785,0.11299391090869904,-0.392134428024292,0.11255256086587906,-0.3808375298976898,0.04341175779700279,-0.35072678327560425,0.030637189745903015,-0.5111353993415833,0.016276994720101357,-0.36960074305534363,0.030466338619589806,-0.6886182427406311,0.038383763283491135,-0.35028958320617676,0.0008220215677283704,-0.22016587853431702,0.0,-0.27792811393737793,0.004641349893063307,-0.25808578729629517,0.04153670370578766,-0.711945652961731,0.00046701086102984846,-0.23796027898788452,0.002574077108874917,-0.38925111293792725,0.0009205573587678373,-0.31958866119384766,0.0025694125797599554,-0.37985649704933167,0.008183078840374947,-0.4572547376155853,0.02229117974638939,-0.4699024558067322,0.0017858217470347881,-0.45697450637817383,0.003994784317910671,-0.3802027702331543,0.00033017422538250685,-0.29034337401390076,1.0846773386001587,-0.1996830850839615,0.0005333095323294401,-0.2765384912490845,0.013110283762216568,-0.38265037536621094,0.012533935718238354,-0.05265245586633682,0.0,-0.25500279664993286,8.214468834921718e-05,-0.28147611021995544,0.0002697434101719409,-0.31151893734931946,0.0002933773212134838,-0.20924121141433716,0.019459757953882217,-0.29762202501296997,0.09103024005889893,-0.1822921186685562,0.0014953165082260966,-0.18559449911117554,0.00026780139887705445,-0.27237534523010254,0.0042334916070103645,-0.23333755135536194,0.0,-0.22296284139156342,0.04546911269426346,-0.14146804809570312,0.0,-0.21421009302139282,0.001988655887544155,-0.16506360471248627,0.0021184585057199,-0.4704802632331848,0.00015984514902811497,-0.2832246422767639,0.0,-0.24817419052124023,1.7942478656768799,2.1473398208618164,1.6942464113235474,2.0389811992645264,0.8160750269889832,0.5552022457122803,1.9175893068313599,2.2723538875579834,1.676598072052002,0.22873155772686005,0.10683618485927582,-0.3293032646179199,0.7153854370117188,0.2937876880168915,0.07928714156150818,-0.3859323561191559,2.6769113540649414,4.277166366577148,0.006734419148415327,-0.28886878490448,0.07715833932161331,-0.28289374709129333,0.05731312930583954,-0.1474621593952179,0.0,-0.24656428396701813,1.0969191789627075,0.3204801380634308,1.0052658319473267,-0.8749400973320007,0.015026642009615898,-0.2825075387954712,0.0127569530159235,-0.2728608250617981,0.02220936305820942,-0.636214554309845,0.0006199976778589189,-0.21145014464855194,0.0007587257423438132,-0.21362097561359406,0.0011715851724147797,-0.20604273676872253,0.0029623745940625668,-0.22767561674118042,0.016618620604276657,-0.2248019576072693,0.0,-0.20412413775920868,0.005276614800095558,-0.20464858412742615,0.12281333655118942,-0.42438578605651855,0.0,-0.2949678301811218,0.03554947301745415,-0.27776026725769043,0.04275060445070267,-0.42791974544525146,0.19335271418094635,-0.36103326082229614,0.2393956333398819,-0.4122554361820221,0.00017595650570001453,-0.19583222270011902,0.0,-0.3405873775482178,0.00042766149272210896,-0.28506332635879517,0.0019825941417366266,-0.2977229356765747,0.00169098237529397,-0.3040020763874054,0.003811843693256378,-0.3946549892425537,0.0017140270210802555,-0.23077721893787384,0.0004219075490254909,-0.20707307755947113
19,626,4,2,2,macrophage_monocyte,neutrophil,0.7402161359786987,0.228432759642601,0.5117833763360977,9,True,macrophage_monocyte,0.7402161359786987,9,-0.2897402346134186,0,-0.2943729758262634,0,-0.5158722400665283,0,-0.1076451912522316,1,-0.23009103536605835,0,0.228432759642601,2,-0.08836734294891357,0,1.8913540840148926,1.5335259437561035,2.386274576187134,0.9456218481063843,2.245044231414795,1.1217321157455444,2.525099992752075,1.8736892938613892,2.1074609756469727,1.2030481100082397,1.3294010162353516,0.769084095954895,1.1870877742767334,0.6108906269073486,0.6981475353240967,0.3804490566253662,1.2211412191390991,1.270849347114563,0.4285650849342346,0.4786461889743805,0.9877031445503235,0.7387495040893555,0.42769166827201843,0.18058569729328156,0.01245672907680273,-0.18938736617565155,0.01498250849545002,0.20224979519844055,0.0835845023393631,-0.016492467373609543,0.3763633370399475,0.18395337462425232,0.006480465177446604,-0.21151019632816315,0.0016758193960413337,-0.3911563456058502,0.0034053162671625614,-0.3123413026332855,0.00119762122631073,-0.3847498297691345,0.037930767983198166,-0.39456498622894287,0.09317593276500702,-0.35578298568725586,0.003477855119854212,-0.45278462767601013,0.014310029335319996,-0.3602311313152313,0.008859577588737011,-0.24751608073711395,1.08625066280365,-0.19675667583942413,0.0,-0.2933651804924011,0.04914936050772667,-0.34981679916381836,0.0,-0.33883747458457947,0.0,-0.25500279664993286,0.0,-0.2826991081237793,0.0038092099130153656,-0.25653576850891113,0.0,-0.222846120595932,0.0007495725294575095,-0.45470812916755676,0.016054559499025345,-0.5973159670829773,0.0007140130619518459,-0.26419076323509216,0.0019579932559281588,-0.25840917229652405,0.0005582665326073766,-0.25171026587486267,0.0,-0.22296284139156342,0.01820901222527027,-0.270359069108963,0.001196442754007876,-0.1313350349664688,0.0,-0.23798377811908722,0.01812051050364971,-0.43007034063339233,0.0010868172394111753,-0.28119993209838867,0.0,-0.24817419052124023,0.18867187201976776,-0.4267006814479828,0.175773024559021,-0.5805292129516602,0.17115554213523865,-0.6268283128738403,0.21284200251102448,-0.6756724119186401,0.4721437990665436,-0.639316201210022,0.09494953602552414,-0.34183698892593384,0.09351437538862228,-0.6311497092247009,0.030957167968153954,-0.4508107602596283,0.22913675010204315,-0.2700057327747345,0.020369146019220352,-0.2621983289718628,0.10512375831604004,-0.1552196592092514,0.046254150569438934,-0.1717822104692459,0.00575467711314559,-0.1775101274251938,1.0365899801254272,0.22365841269493103,2.981900215148926,0.6379978060722351,0.0027736034244298935,-0.3053187131881714,0.026234062388539314,-0.25616052746772766,0.061960164457559586,-0.5022733807563782,0.004080364014953375,-0.20088347792625427,0.009684651158750057,-0.19208179414272308,0.0012874413514509797,-0.2058001458644867,0.005573704838752747,-0.22343933582305908,0.013554388657212257,-0.2299896776676178,0.0,-0.20412413775920868,0.0022791216615587473,-0.23759205639362335,0.21488545835018158,-0.2819410562515259,0.0,-0.2949678301811218,0.08796534687280655,-0.20098236203193665,0.4463047981262207,0.19211909174919128,1.1453381776809692,0.3614276051521301,1.5776584148406982,0.7010335326194763,0.0,-0.20922322571277618,0.005897026043385267,0.8823204040527344,0.0012169894762337208,-0.1276656985282898,0.02490096539258957,-0.24807004630565643,0.06054016575217247,-0.1611621081829071,0.28054553270339966,0.25711894035339355,0.06341574341058731,-0.09146001935005188,0.001917824032716453,-0.198263481259346
20,151,4,2,2,epithelial,mesenchymal_hsc_myofibroblast,3.5230698585510254,0.2123362421989441,3.3107336163520813,7,True,epithelial,-0.2229897528886795,1,-0.3515385389328003,0,0.2123362421989441,2,-0.5115126371383667,0,-0.5225213170051575,0,3.5230698585510254,7,-0.3884429931640625,0,-0.28480976819992065,0,0.04491546005010605,-0.7665196061134338,0.12385357916355133,-1.1877516508102417,0.07954926788806915,-1.0854966640472412,0.0381108820438385,-0.7550902366638184,0.4015495479106903,-0.8698270320892334,0.040387533605098724,-0.461446613073349,0.06497296690940857,-0.4247504770755768,0.023864392191171646,-0.37255629897117615,0.04921358451247215,-0.4833296239376068,0.029825741425156593,-0.3417253792285919,0.07210368663072586,-0.6265314221382141,0.033739618957042694,-0.35662248730659485,1.935509443283081,4.89786434173584,0.0,-0.27792811393737793,0.012794570066034794,-0.23313412070274353,0.013841300271451473,-0.7860504984855652,0.0,-0.24001441895961761,0.0,-0.39471080899238586,0.0,-0.3222736418247223,0.0039436970837414265,-0.37495431303977966,0.003641944145783782,-0.46682465076446533,0.031649764627218246,-0.45483580231666565,0.002023266861215234,-0.456386536359787,0.009763611480593681,-0.3690335750579834,0.0035708933137357235,-0.27407127618789673,1.2094417810440063,0.032380469143390656,0.006462399382144213,-0.08946709334850311,0.022869737818837166,-0.3737589716911316,0.010025122202932835,-0.10993572324514389,0.0,-0.25500279664993286,0.0,-0.2826991081237793,0.0,-0.3157092034816742,0.0,-0.222846120595932,0.06268823891878128,0.06531368941068649,0.024905921891331673,-0.5483197569847107,0.0,-0.336017906665802,0.0,-0.2745881974697113,0.006828135810792446,-0.2203667163848877,0.0,-0.22296284139156342,0.01737607829272747,-0.2742973268032074,0.0,-0.21421009302139282,0.13974803686141968,4.8863067626953125,1.0301086902618408,2.1254985332489014,0.0032812696881592274,-0.27640682458877563,0.006142218131572008,0.08595968782901764,0.18730345368385315,-0.4288945496082306,0.2039550244808197,-0.531912624835968,0.1889301836490631,-0.5942503809928894,0.1611611694097519,-0.7650442719459534,0.40944746136665344,-0.6845013499259949,0.08049195259809494,-0.3570816218852997,0.11897813528776169,-0.5932762622833252,0.04137996584177017,-0.4368191361427307,0.2604510188102722,-0.21183395385742188,0.011091550812125206,-0.28034594655036926,0.015798158943653107,-0.5630291700363159,0.023554783314466476,-0.22170087695121765,0.002023266861215234,-0.22228577733039856,0.1679507941007614,-1.1704117059707642,0.7608655095100403,-1.0620068311691284,0.0,-0.3104822337627411,0.012070120312273502,-0.2737119197845459,0.03333764895796776,-0.5987175107002258,1.673910140991211,4.898159027099609,2.119255781173706,4.898527145385742,2.439068555831909,4.898849010467529,3.1586854457855225,4.891757965087891,3.0165154933929443,4.854006290435791,0.0,-0.20412413775920868,0.042076416313648224,0.1997937262058258,3.1017210483551025,4.184280872344971,0.09776537120342255,3.086378574371338,0.002023266861215234,-0.3268688917160034,0.014194818213582039,-0.47179412841796875,0.053909529000520706,-0.46685653924942017,0.09373551607131958,-0.5334287881851196,0.0,-0.20922322571277618,0.0,-0.3405873775482178,0.0,-0.37034207582473755,0.011771705001592636,-0.2765147387981415,0.0,-0.3081064522266388,0.0035708933137357235,-0.3952224552631378,0.0,-0.23464734852313995,0.0,-0.20955772697925568
21,256,4,2,2,endothelial,mesenchymal_hsc_myofibroblast,0.4506414830684662,-0.1391991227865219,0.5898406058549881,5,True,endothelial,-0.4381050169467926,0,0.4506414830684662,5,-0.1391991227865219,1,-0.270663857460022,0,-0.3924175798892975,0,-0.14815753698349,0,-0.25974807143211365,0,-0.2751101553440094,0,0.20305807888507843,-0.5695267915725708,0.39258649945259094,-0.9343471527099609,0.28374895453453064,-0.8773615956306458,0.24603162705898285,-0.5353152751922607,0.3670312762260437,-0.9117707014083862,0.3362194299697876,-0.1790366768836975,0.32751601934432983,-0.18243981897830963,0.11360727250576019,-0.2723359763622284,0.09704980999231339,-0.41172686219215393,0.09184294939041138,-0.21413037180900574,0.1364707350730896,-0.530551552772522,0.12503299117088318,-0.23213133215904236,0.0,-0.2223404496908188,0.0,-0.27792811393737793,0.01687956415116787,-0.2206326127052307,0.36541271209716797,0.1546526849269867,0.06639832258224487,0.052037470042705536,0.4756559431552887,0.6141737103462219,0.18449519574642181,0.215846449136734,0.1832607537508011,0.2646861970424652,1.0102307796478271,1.6544429063796997,0.8449264168739319,0.8544825911521912,0.36305925250053406,0.4376234710216522,0.5395467877388,0.6566939353942871,0.04826832562685013,-0.0496395081281662,1.0958821773529053,-0.17884193360805511,0.0,-0.2933651804924011,2.0527219772338867,1.4755465984344482,0.0,-0.33883747458457947,0.0,-0.25500279664993286,0.0,-0.2826991081237793,0.0,-0.3157092034816742,0.0,-0.222846120595932,0.04142066836357117,-0.11324360966682434,0.22397246956825256,0.5536024570465088,0.0,-0.336017906665802,0.0,-0.2745881974697113,0.0,-0.254501074552536,0.0,-0.22296284139156342,0.04742756858468056,-0.13220809400081635,0.0,-0.21421009302139282,0.0,-0.23798377811908722,0.35605064034461975,0.4233030378818512,0.17821985483169556,0.10569401830434799,0.0,-0.24817419052124023,0.40812402963638306,-0.07487758994102478,0.3577643632888794,-0.2665769159793854,0.31295889616012573,-0.36692628264427185,0.5170301198959351,-0.14963868260383606,0.7180594205856323,-0.4620853066444397,0.10492616891860962,-0.331317275762558,0.17242145538330078,-0.513787567615509,0.10596157610416412,-0.3501245081424713,0.41720253229141235,0.07935956865549088,0.006564802955836058,-0.2892005741596222,0.08609478175640106,-0.24209506809711456,0.020423514768481255,-0.22858692705631256,0.0,-0.24656428396701813,0.31404680013656616,-0.9359437227249146,1.3933743238449097,-0.5778775215148926,0.0036705138627439737,-0.3036489486694336,0.06069514900445938,-0.21345768868923187,0.06430167704820633,-0.49438363313674927,0.0,-0.21334339678287506,0.007234864868223667,-0.19799338281154633,0.0,-0.20849600434303284,0.03261718153953552,-0.17956753075122833,0.009663164615631104,-0.23657751083374023,0.0,-0.20412413775920868,0.010672951117157936,-0.14534102380275726,0.6214101314544678,0.3469930589199066,0.0,-0.2949678301811218,0.05503135547041893,-0.249223530292511,0.09524111449718475,-0.3472709655761719,0.4926357567310333,-0.13390763103961945,0.5333926677703857,-0.16768188774585724,0.0,-0.20922322571277618,0.0,-0.3405873775482178,0.0,-0.37034207582473755,0.01770036295056343,-0.2636702358722687,0.0,-0.3081064522266388,0.0069399503991007805,-0.38728755712509155,0.01227619219571352,-0.20692874491214752,0.0,-0.20955772697925568
22,2186,4,2,2,t_nk,b_plasma,0.3421158790588379,0.33554399013519287,0.0065718889236450195,4,False,ambiguous,-0.18437393009662628,2,-0.405635803937912,0,-0.3015620708465576,0,0.3421158790588379,4,0.33554399013519287,1,-0.2617391049861908,0,-0.34041494131088257,0,-0.2887827455997467,0,0.05267612636089325,-0.756852388381958,2.7205634117126465,1.2608429193496704,2.68587327003479,1.571056842803955,0.053549882024526596,-0.7387709617614746,0.7501634955406189,-0.4462217390537262,0.061905041337013245,-0.4409053921699524,0.06347617506980896,-0.426131933927536,0.02163016051054001,-0.3750513792037964,0.010589628480374813,-0.5411432385444641,0.00932211335748434,-0.38390985131263733,0.25547176599502563,-0.3531051576137543,0.02106340043246746,-0.37390831112861633,0.00163886824157089,-0.2180049866437912,0.0,-0.27792811393737793,0.0021941123995929956,-0.2655751705169678,0.15428297221660614,-0.41026929020881653,0.000744557473808527,-0.23673948645591736,0.0010190934408456087,-0.3925492763519287,0.0,-0.3222736418247223,0.0005852984613738954,-0.3869340419769287,0.0034396343398839235,-0.4672510027885437,0.07079029828310013,-0.39182230830192566,0.0017536897212266922,-0.457054078578949,0.0020399114582687616,-0.3839876353740692,0.0029702342581003904,-0.2770872712135315,0.7259930968284607,-0.8668406009674072,0.0,-0.2933651804924011,0.00823519378900528,-0.38709184527397156,0.000986217288300395,-0.3163193464279175,0.0,-0.25500279664993286,0.0,-0.2826991081237793,0.0013895658776164055,-0.29412326216697693,0.0,-0.222846120595932,0.0008305981755256653,-0.45402786135673523,0.011054068803787231,-0.6249959468841553,0.0,-0.336017906665802,0.0005485126748681068,-0.2700558304786682,0.0053619942627847195,-0.22769609093666077,0.0,-0.22296284139156342,0.04059547185897827,-0.1645115613937378,0.0,-0.21421009302139282,0.0,-0.23798377811908722,0.0017721493495628238,-0.47135478258132935,0.0,-0.28357377648353577,0.0,-0.24817419052124023,0.045931197702884674,-0.6555408835411072,0.6777516007423401,0.2854313850402832,1.1028683185577393,1.080846905708313,1.0259253978729248,0.7303959131240845,3.726120710372925,1.7058182954788208,0.06998536735773087,-0.3681601583957672,1.3652582168579102,1.2603733539581299,0.11714108288288116,-0.33511704206466675,0.038038283586502075,-0.625004768371582,0.0030581674072891474,-0.296059787273407,0.21478891372680664,0.3454486131668091,0.004649566486477852,-0.26327577233314514,0.00023042171960696578,-0.24379928410053253,1.039726734161377,0.22869256138801575,1.7031739950180054,-0.340753436088562,0.034904301166534424,-0.2455018311738968,0.011320927180349827,-0.274640291929245,1.4307183027267456,4.109785079956055,0.0005673500709235668,-0.21161092817783356,0.0015696678310632706,-0.211664080619812,0.0006029321230016649,-0.2072334736585617,0.005159539636224508,-0.22411122918128967,0.005771901924163103,-0.24316538870334625,0.0,-0.20412413775920868,0.0010121202794834971,-0.25151681900024414,0.06924717128276825,-0.5072579383850098,0.0,-0.2949678301811218,0.021782204508781433,-0.2979263365268707,0.023372502997517586,-0.4576931297779083,0.11037029325962067,-0.4240085184574127,0.14221584796905518,-0.4930984079837799,0.0,-0.20922322571277618,0.0005596433184109628,-0.2245301902294159,0.000470982602564618,-0.276424765586853,0.0005477734375745058,-0.30083152651786804,0.0008907232549972832,-0.3059445023536682,0.0023625013418495655,-0.39806851744651794,0.002274657366797328,-0.22951138019561768,0.0,-0.20955772697925568
23,713,4,2,2,macrophage_monocyte,epithelial,1.6268142461776733,0.3470258414745331,1.2797884047031403,13,True,macrophage_monocyte,1.6268142461776733,13,-0.30186912417411804,0,-0.3051203489303589,0,-0.6291555166244507,0,-0.25205954909324646,1,0.3470258414745331,1,-0.21985404193401337,0,-0.15461251139640808,0,1.5275275707244873,1.0803195238113403,2.7332656383514404,1.2728207111358643,2.455857992172241,1.3366087675094604,2.7366933822631836,2.097346305847168,2.1240170001983643,1.223165512084961,3.739999771118164,3.0703134536743164,3.9110219478607178,3.1249098777770996,3.024517774581909,2.978421926498413,2.163623571395874,2.6815872192382812,0.6736155152320862,0.982816219329834,1.6581772565841675,1.7385157346725464,2.292196035385132,2.7230958938598633,0.026009783148765564,-0.15353406965732574,0.00043692608596757054,-0.2639249563217163,0.25554078817367554,0.5097531676292419,0.10119866579771042,-0.5523074865341187,0.0,-0.24001441895961761,0.00822451151907444,-0.3772662878036499,0.008146840147674084,-0.29851165413856506,0.0,-0.3890218436717987,0.07722526788711548,-0.3117564618587494,0.09433066844940186,-0.3539239466190338,0.05439678952097893,-0.32669734954833984,0.030821889638900757,-0.3282620906829834,0.04195043072104454,-0.08136250078678131,1.1469531059265137,-0.08384931087493896,0.002293885685503483,-0.22098974883556366,0.03760334476828575,-0.3603358566761017,0.0,-0.33883747458457947,0.0,-0.25500279664993286,0.0,-0.2826991081237793,0.0009505755151621997,-0.30094268918037415,0.0,-0.222846120595932,0.0,-0.46100136637687683,0.012504691258072853,-0.6169661283493042,0.0,-0.336017906665802,0.004147849045693874,-0.24031426012516022,0.005619335919618607,-0.22640961408615112,0.0,-0.22296284139156342,0.016214793547987938,-0.2797881066799164,0.0,-0.21421009302139282,0.0,-0.23798377811908722,0.020789308473467827,-0.4233308434486389,0.0018382095731794834,-0.2795587480068207,0.0,-0.24817419052124023,0.07866320013999939,-0.6030653119087219,0.06611751765012741,-0.7696953415870667,0.1180565133690834,-0.7241500616073608,0.1364445984363556,-0.807786762714386,0.2744749188423157,-0.781775712966919,0.0948602631688118,-0.34193113446235657,0.04017481207847595,-0.7104840874671936,0.036896321922540665,-0.44283801317214966,0.11573278903961182,-0.48067352175712585,0.023582004010677338,-0.25591373443603516,0.013676409609615803,-0.5727158784866333,0.03395889699459076,-0.19882096350193024,0.004753241315484047,-0.1895270198583603,0.17698156833648682,-1.1559183597564697,3.3930509090423584,0.9526971578598022,0.0036635790020227432,-0.30366185307502747,0.036848459392786026,-0.2430075854063034,0.1214955747127533,-0.30166760087013245,0.0,-0.21334339678287506,0.016341904178261757,-0.1760171800851822,0.0,-0.20849600434303284,0.0033923406153917313,-0.2269781082868576,0.007518989033997059,-0.24020758271217346,0.00047582198749296367,4.898979187011719,0.0013893705327063799,-0.24737070500850677,0.2882973849773407,-0.1683654934167862,0.0,-0.2949678301811218,0.06005985289812088,-0.2418578565120697,0.19196896255016327,-0.1986539363861084,0.4039432108402252,-0.20121631026268005,0.7624903917312622,0.0229024700820446,0.0,-0.20922322571277618,0.0,-0.3405873775482178,0.0,-0.37034207582473755,0.004100559279322624,-0.2931343615055084,0.013957769609987736,-0.27422788739204407,0.2535790205001831,0.19360636174678802,0.01988489367067814,-0.18974895775318146,0.0,-0.20955772697925568
24,107,4,2,2,mesenchymal_hsc_myofibroblast,endothelial,1.9974863529205322,1.4812489748001099,0.5162373781204224,11,True,mesenchymal_hsc_myofibroblast,-0.4590281546115875,0,1.4812489748001099,9,1.9974863529205322,11,-0.6413805484771729,0,-0.342862069606781,0,-0.17639793455600739,0,-0.34636956453323364,0,-0.26948800683021545,0,0.21242767572402954,-0.5578553676605225,0.27647578716278076,-1.043834924697876,0.17349812388420105,-0.9897371530532837,0.26566845178604126,-0.5145589113235474,0.44130706787109375,-0.8215172290802002,0.2551298439502716,-0.2564471960067749,0.20209623873233795,-0.29819437861442566,0.06347578763961792,-0.32832029461860657,0.11874336004257202,-0.3792552351951599,0.10611525177955627,-0.18476633727550507,0.09179174154996872,-0.5971739292144775,0.1778738647699356,-0.16007548570632935,0.0,-0.2223404496908188,0.0,-0.27792811393737793,0.006166773848235607,-0.2534174621105194,0.6932140588760376,1.0317540168762207,0.060514964163303375,0.02615961804986,1.9310799837112427,3.701183795928955,0.524178683757782,1.2066067457199097,0.5279821157455444,1.494339108467102,0.9092552661895752,1.4416488409042358,2.5555081367492676,3.6083993911743164,1.396036982536316,2.9955193996429443,1.0503993034362793,1.6457692384719849,0.01887555606663227,-0.19722452759742737,0.7777642011642456,-0.7705456614494324,0.0,-0.2933651804924011,4.127730846405029,3.365992307662964,0.08862169831991196,1.6846452951431274,0.07300861179828644,1.0309616327285767,0.11373264342546463,1.4106059074401855,0.2207033634185791,3.1127655506134033,0.11007137596607208,4.881541728973389,0.40148162841796875,2.9097397327423096,0.7440176010131836,3.432284355163574,0.031597256660461426,2.8425512313842773,0.02511153742671013,-0.06708995997905731,0.07007905840873718,0.09582936018705368,0.0,-0.22296284139156342,0.07316071540117264,-0.010536805726587772,0.0,-0.21421009302139282,0.009367947466671467,0.10552076250314713,1.567832350730896,3.483409881591797,2.24365234375,4.617011070251465,0.09399666637182236,4.865201473236084,0.1560792624950409,-0.4789527952671051,0.06445274502038956,-0.7725672721862793,0.1109776720404625,-0.7371243834495544,0.0404592901468277,-0.9737745523452759,0.23675093054771423,-0.8089632987976074,0.055544424802064896,-0.3833872079849243,0.0465509407222271,-0.7010005712509155,0.040014855563640594,-0.4386516511440277,0.11717027425765991,-0.4780031442642212,0.02387203648686409,-0.255346417427063,0.185862734913826,0.21338823437690735,0.017994854599237442,-0.23392784595489502,0.0,-0.24656428396701813,0.0992535799741745,-1.2806631326675415,1.341628909111023,-0.6174840331077576,0.03393545746803284,-0.2473055124282837,0.03464451804757118,-0.24573862552642822,0.1599433273077011,-0.17211711406707764,0.0,-0.21334339678287506,0.0,-0.21545185148715973,0.0,-0.20849600434303284,0.03405284509062767,-0.17723849415779114,0.018944762647151947,-0.22086383402347565,0.0,-0.20412413775920868,0.0,-0.2626403868198395,0.5325675010681152,0.20954467356204987,0.0,-0.2949678301811218,0.015470640733838081,-0.30717140436172485,0.04222482070326805,-0.42872756719589233,0.1881929337978363,-0.36494898796081543,0.24981653690338135,-0.40358635783195496,0.0,-0.20922322571277618,0.0,-0.3405873775482178,0.0,-0.37034207582473755,0.0,-0.30201828479766846,0.0,-0.3081064522266388,0.0,-0.403632789850235,0.01725911721587181,-0.1956777274608612,0.012150087393820286,-0.13800476491451263
