held_out_dataset,lineage,score_method,program_id,observed_effect_z,predicted_effect_z_from_other_cohorts,n_training_cohorts
GSE202379,endothelial,singscore,RAM2019_ENDO_1,-0.9179017060506525,-1.0061429524456944,4
GSE202379,endothelial,standardized_mean,RAM2019_ENDO_1,-1.1087118770771816,-1.135338478096524,4
GSE202379,endothelial,singscore,RAM2019_ENDO_2,1.2141208484554853,0.5061648594353257,4
GSE202379,endothelial,standardized_mean,RAM2019_ENDO_2,1.5299268735596052,0.9470422254653409,4
GSE202379,endothelial,singscore,RAM2019_ENDO_3,-0.9001183401730055,-0.40009070527403995,4
GSE202379,endothelial,standardized_mean,RAM2019_ENDO_3,-1.0749345693131578,-0.418870657806388,4
GSE202379,endothelial,singscore,RAM2019_ENDO_4,0.252133118147526,-0.12253093012020494,4
GSE202379,endothelial,standardized_mean,RAM2019_ENDO_4,0.5142151128916733,-0.3740730384658272,4
GSE202379,endothelial,singscore,RAM2019_ENDO_5,-0.7589199341918442,0.28772413097183935,4
GSE202379,endothelial,standardized_mean,RAM2019_ENDO_5,0.05476094273295683,0.10098247148640635,4
GSE202379,endothelial,singscore,RAM2019_ENDO_6_SAENDO1,1.110686013812491,0.9853473860615787,4
GSE202379,endothelial,standardized_mean,RAM2019_ENDO_6_SAENDO1,0.08474351720610356,1.064470771097953,4
GSE202379,mesenchymal_hsc_myofibroblast,singscore,RAM2019_MES_HSC,-0.8388578745582413,0.7556792035039025,3
GSE202379,mesenchymal_hsc_myofibroblast,standardized_mean,RAM2019_MES_HSC,-0.8543116475488824,0.361814398190911,3
GSE202379,mesenchymal_hsc_myofibroblast,singscore,RAM2019_MES_SAMES,1.343680028703387,0.25030931172142074,3
GSE202379,mesenchymal_hsc_myofibroblast,standardized_mean,RAM2019_MES_SAMES,0.5160628714090921,-0.010877821052507933,3
GSE202379,mesenchymal_hsc_myofibroblast,singscore,RAM2019_MES_VSMC,-0.8423451896713127,-0.9655989175543566,3
GSE202379,mesenchymal_hsc_myofibroblast,standardized_mean,RAM2019_MES_VSMC,-0.6086886323351112,-0.6137528395338913,3
GSE202379,mesenchymal_hsc_myofibroblast,singscore,RAM2019_SAMES_A,-0.9119292223497013,-0.3731717987291024,3
GSE202379,mesenchymal_hsc_myofibroblast,standardized_mean,RAM2019_SAMES_A,-1.1737006214969363,0.20601497781141856,3
GSE202379,mesenchymal_hsc_myofibroblast,singscore,RAM2019_SAMES_B,0.3339378474838731,-0.2799969092980552,3
GSE202379,mesenchymal_hsc_myofibroblast,standardized_mean,RAM2019_SAMES_B,1.1203310741807768,-0.15005530134262515,3
GSE202379,mesenchymal_hsc_myofibroblast,singscore,RAM2019_MES_MESOTHELIAL,0.915514410391995,0.6127791103561914,3
GSE202379,mesenchymal_hsc_myofibroblast,standardized_mean,RAM2019_MES_MESOTHELIAL,1.0003069557910609,0.20685658592669567,3
GSE290642_human,endothelial,singscore,RAM2019_ENDO_1,-0.059683477245509105,-1.22069750964698,4
GSE290642_human,endothelial,standardized_mean,RAM2019_ENDO_1,-0.5022881315452538,-1.286944414479506,4
GSE290642_human,endothelial,singscore,RAM2019_ENDO_2,0.5652069372955523,0.668393337225309,4
GSE290642_human,endothelial,standardized_mean,RAM2019_ENDO_2,0.8850683691684055,1.1082568515631408,4
GSE290642_human,endothelial,singscore,RAM2019_ENDO_3,0.41706598777285947,-0.7293867872605062,4
GSE290642_human,endothelial,standardized_mean,RAM2019_ENDO_3,0.5878336031038103,-0.83456270091063,4
GSE290642_human,endothelial,singscore,RAM2019_ENDO_4,0.5126330147920503,-0.18765590428133602,4
GSE290642_human,endothelial,standardized_mean,RAM2019_ENDO_4,0.45882492202527936,-0.3602254907492287,4
GSE290642_human,endothelial,singscore,RAM2019_ENDO_5,0.19093269111298825,0.05026097464563121,4
GSE290642_human,endothelial,standardized_mean,RAM2019_ENDO_5,-0.6788546086179005,0.28438635932412065,4
GSE290642_human,endothelial,singscore,RAM2019_ENDO_6_SAENDO1,0.5800478248912894,1.1180069332918792,4
GSE290642_human,endothelial,standardized_mean,RAM2019_ENDO_6_SAENDO1,0.9785469264587855,0.8410199187847825,4
GSE290642_human,endothelial,singscore,RAM2019_ENDO_7_SAENDO2,-2.2062029786192303,0.40143860803467085,3
GSE290642_human,endothelial,standardized_mean,RAM2019_ENDO_7_SAENDO2,-1.729131080593125,0.3307593019564276,3
GSE244832,endothelial,singscore,RAM2019_ENDO_1,-1.9953762457672715,-0.7367743175165395,4
GSE244832,endothelial,standardized_mean,RAM2019_ENDO_1,-1.6698612151236762,-0.9950511435849002,4
GSE244832,endothelial,singscore,RAM2019_ENDO_2,0.8643277065050863,0.5936131449229255,4
GSE244832,endothelial,standardized_mean,RAM2019_ENDO_2,1.0195701972190634,1.0746313945504764,4
GSE244832,endothelial,singscore,RAM2019_ENDO_3,0.06716545409329816,-0.6419116538406159,4
GSE244832,endothelial,standardized_mean,RAM2019_ENDO_3,-0.45160288512132085,-0.5747035788543473,4
GSE244832,endothelial,singscore,RAM2019_ENDO_4,-0.40496770306319896,0.04174427518247631,4
GSE244832,endothelial,standardized_mean,RAM2019_ENDO_4,-0.4785267179429415,-0.1258875807571735,4
GSE244832,endothelial,singscore,RAM2019_ENDO_5,0.33938198287089616,0.01314865170615423,4
GSE244832,endothelial,standardized_mean,RAM2019_ENDO_5,0.4471243441738731,0.002891621126177288,4
GSE244832,endothelial,singscore,RAM2019_ENDO_6_SAENDO1,0.9829874322022757,1.0172720314641324,4
GSE244832,endothelial,standardized_mean,RAM2019_ENDO_6_SAENDO1,1.2363520822718042,0.776568629831528,4
GSE244832,endothelial,singscore,RAM2019_ENDO_7_SAENDO2,0.14648137315891346,-0.3827895092247104,3
GSE244832,endothelial,standardized_mean,RAM2019_ENDO_7_SAENDO2,-0.10305580547680161,-0.21126578974901353,3
GSE244832,macrophage_monocyte,singscore,RAM2019_MAC_SIG_A_SAM,0.922387359078091,1.1771481882893684,2
GSE244832,macrophage_monocyte,standardized_mean,RAM2019_MAC_SIG_A_SAM,0.9940478057423237,0.711040526633431,2
GSE244832,macrophage_monocyte,singscore,RAM2019_MAC_SIG_B_SAM,0.4333029813305493,0.3489254989264359,2
GSE244832,macrophage_monocyte,standardized_mean,RAM2019_MAC_SIG_B_SAM,0.2943257098087403,0.1017513732689177,2
GSE244832,macrophage_monocyte,singscore,RAM2019_MAC_SIG_C_KC,-1.4949542059698266,-1.1143769189493558,2
GSE244832,macrophage_monocyte,standardized_mean,RAM2019_MAC_SIG_C_KC,-1.2487659130576299,-1.5245785492362365,2
GSE244832,macrophage_monocyte,singscore,RAM2019_MAC_SIG_D_TMO,-0.8940543007518138,0.41680510714997115,2
GSE244832,macrophage_monocyte,standardized_mean,RAM2019_MAC_SIG_D_TMO,-1.0071830393496926,0.6346639525612067,2
GSE244832,macrophage_monocyte,singscore,RAM2019_MAC_SIG_E_TMO,0.9601428478689653,-0.7095921962317985,2
GSE244832,macrophage_monocyte,standardized_mean,RAM2019_MAC_SIG_E_TMO,1.1483575955186882,-0.5168722752631426,2
GSE244832,macrophage_monocyte,singscore,RAM2019_MAC_SIG_F_CDC1,0.07317531844403465,-0.11890967918462099,2
GSE244832,macrophage_monocyte,standardized_mean,RAM2019_MAC_SIG_F_CDC1,-0.18078215866242936,0.5939949720358239,2
GSE244832,mesenchymal_hsc_myofibroblast,singscore,RAM2019_MES_HSC,-0.01053010437675122,0.47956994677673914,3
GSE244832,mesenchymal_hsc_myofibroblast,standardized_mean,RAM2019_MES_HSC,-0.17254743649282056,0.13455966117222373,3
GSE244832,mesenchymal_hsc_myofibroblast,singscore,RAM2019_MES_MESOTHELIAL,1.0429750258602508,0.5702922385334394,3
GSE244832,mesenchymal_hsc_myofibroblast,standardized_mean,RAM2019_MES_MESOTHELIAL,0.8358840839337955,0.26166420987911754,3
GSE244832,mesenchymal_hsc_myofibroblast,singscore,RAM2019_MES_SAMES,0.466191062847029,0.5428056336735401,3
GSE244832,mesenchymal_hsc_myofibroblast,standardized_mean,RAM2019_MES_SAMES,0.649427785188562,-0.055332792312331236,3
GSE244832,mesenchymal_hsc_myofibroblast,singscore,RAM2019_MES_VSMC,-1.8788728287561076,-0.6200897045260917,3
GSE244832,mesenchymal_hsc_myofibroblast,standardized_mean,RAM2019_MES_VSMC,-1.8686632589084569,-0.19376129734277603,3
GSE244832,mesenchymal_hsc_myofibroblast,singscore,RAM2019_SAMES_A,-0.024712871699249444,-0.668910582279253,3
GSE244832,mesenchymal_hsc_myofibroblast,standardized_mean,RAM2019_SAMES_A,0.5968181984473662,-0.3841579621700156,3
GSE244832,mesenchymal_hsc_myofibroblast,singscore,RAM2019_SAMES_B,0.40494971612482905,-0.3036675321783739,3
GSE244832,mesenchymal_hsc_myofibroblast,standardized_mean,RAM2019_SAMES_B,-0.04091937216844676,0.2370281807737827,3
GSE210077_Watson6,endothelial,singscore,RAM2019_ENDO_1,-1.8619564133787743,-0.7701292756136638,4
GSE210077_Watson6,endothelial,standardized_mean,RAM2019_ENDO_1,-1.644777798625414,-1.0013219977094658,4
GSE210077_Watson6,endothelial,singscore,RAM2019_ENDO_2,0.5614260887807917,0.6693385493539992,4
GSE210077_Watson6,endothelial,standardized_mean,RAM2019_ENDO_2,0.45459458706498457,1.215875297088996,4
GSE210077_Watson6,endothelial,singscore,RAM2019_ENDO_3,-0.21529965865614914,-0.5712953756532541,4
GSE210077_Watson6,endothelial,standardized_mean,RAM2019_ENDO_3,-0.6533276449933888,-0.5242723888863302,4
GSE210077_Watson6,endothelial,singscore,RAM2019_ENDO_4,-0.5826645220142107,0.08616847992022925,4
GSE210077_Watson6,endothelial,standardized_mean,RAM2019_ENDO_4,-0.6387831092804801,-0.08582348292278884,4
GSE210077_Watson6,endothelial,singscore,RAM2019_ENDO_5,0.21746231163955823,0.04362856951398872,4
GSE210077_Watson6,endothelial,standardized_mean,RAM2019_ENDO_5,0.4913960266846062,-0.008176299501505987,4
GSE210077_Watson6,endothelial,singscore,RAM2019_ENDO_6_SAENDO1,0.8520959080426207,1.0499949125040464,4
GSE210077_Watson6,endothelial,standardized_mean,RAM2019_ENDO_6_SAENDO1,0.8732574701797494,0.8673422828545416,4
GSE210077_Watson6,endothelial,singscore,RAM2019_ENDO_7_SAENDO2,1.0289362855861643,-0.6769411467004606,3
GSE210077_Watson6,endothelial,standardized_mean,RAM2019_ENDO_7_SAENDO2,1.1176404689699433,-0.6181645478979285,3
GSE210077_Watson6,macrophage_monocyte,singscore,RAM2019_MAC_SIG_A_SAM,0.6430189049446262,1.3168324153561008,2
GSE210077_Watson6,macrophage_monocyte,standardized_mean,RAM2019_MAC_SIG_A_SAM,0.23861738322404508,1.0887557378925703,2
GSE210077_Watson6,macrophage_monocyte,singscore,RAM2019_MAC_SIG_B_SAM,-0.020028675616837126,0.5755913274001291,2
GSE210077_Watson6,macrophage_monocyte,standardized_mean,RAM2019_MAC_SIG_B_SAM,-0.21515579318577427,0.356492124766175,2
GSE210077_Watson6,macrophage_monocyte,singscore,RAM2019_MAC_SIG_C_KC,-1.4025007273796957,-1.1606036582444212,2
GSE210077_Watson6,macrophage_monocyte,standardized_mean,RAM2019_MAC_SIG_C_KC,-1.442221361051913,-1.427850825239095,2
GSE210077_Watson6,macrophage_monocyte,singscore,RAM2019_MAC_SIG_D_TMO,1.3899892450580345,-0.725216665754953,2
GSE210077_Watson6,macrophage_monocyte,standardized_mean,RAM2019_MAC_SIG_D_TMO,1.5203533099375472,-0.6291042220824132,2
GSE210077_Watson6,macrophage_monocyte,singscore,RAM2019_MAC_SIG_E_TMO,-0.8055917483781028,0.17327510189173556,2
GSE210077_Watson6,macrophage_monocyte,standardized_mean,RAM2019_MAC_SIG_E_TMO,-0.5508629971727828,0.33273802108259287,2
GSE210077_Watson6,macrophage_monocyte,singscore,RAM2019_MAC_SIG_F_CDC1,0.19511300137197515,-0.17987852064859125,2
GSE210077_Watson6,macrophage_monocyte,standardized_mean,RAM2019_MAC_SIG_F_CDC1,0.4492694582488777,0.2789691635801703,2
GSE210077_Watson6,mesenchymal_hsc_myofibroblast,singscore,RAM2019_MES_HSC,1.1901213592108077,0.07935279224755283,3
GSE210077_Watson6,mesenchymal_hsc_myofibroblast,standardized_mean,RAM2019_MES_HSC,1.0265300980289958,-0.26513285033504835,3
GSE210077_Watson6,mesenchymal_hsc_myofibroblast,singscore,RAM2019_MES_MESOTHELIAL,0.44606573116844406,0.7692620034307084,3
GSE210077_Watson6,mesenchymal_hsc_myofibroblast,standardized_mean,RAM2019_MES_MESOTHELIAL,0.2382848438742623,0.46086395656562856,3
GSE210077_Watson6,mesenchymal_hsc_myofibroblast,singscore,RAM2019_MES_SAMES,-0.03059374232462678,0.7084005687307586,3
GSE210077_Watson6,mesenchymal_hsc_myofibroblast,standardized_mean,RAM2019_MES_SAMES,-0.03459013453147132,0.1726731809276799,3
GSE210077_Watson6,mesenchymal_hsc_myofibroblast,singscore,RAM2019_MES_VSMC,0.2662621694359793,-1.335134703923454,3
GSE210077_Watson6,mesenchymal_hsc_myofibroblast,standardized_mean,RAM2019_MES_VSMC,0.4257892620059757,-0.9585788043142536,3
GSE210077_Watson6,mesenchymal_hsc_myofibroblast,singscore,RAM2019_SAMES_A,-1.8193538888504721,-0.07069690989551207,3
GSE210077_Watson6,mesenchymal_hsc_myofibroblast,standardized_mean,RAM2019_SAMES_A,-1.908694783066124,0.4510130316678145,3
GSE210077_Watson6,mesenchymal_hsc_myofibroblast,singscore,RAM2019_SAMES_B,-0.05250162864013285,-0.1511837505900532,3
GSE210077_Watson6,mesenchymal_hsc_myofibroblast,standardized_mean,RAM2019_SAMES_B,0.252680713688364,0.13916148548817917,3
GSE181483_human,endothelial,singscore,RAM2019_ENDO_1,-0.10755567339122259,-1.2087294606105519,4
GSE181483_human,endothelial,standardized_mean,RAM2019_ENDO_1,-0.7244267670917518,-1.2314097555928813,4
GSE181483_human,endothelial,singscore,RAM2019_ENDO_2,0.03369870515987277,0.8012703952592288,4
GSE181483_human,endothelial,standardized_mean,RAM2019_ENDO_2,1.4289357484089105,0.9722900067530147,4
GSE181483_human,endothelial,singscore,RAM2019_ENDO_3,-1.8692946043061682,-0.15779663924074927,4
GSE181483_human,endothelial,standardized_mean,RAM2019_ENDO_3,-1.1583857042146526,-0.3980078740810143,4
GSE181483_human,endothelial,singscore,RAM2019_ENDO_4,-0.015124510195460345,-0.05571652303445834,4
GSE181483_human,endothelial,standardized_mean,RAM2019_ENDO_4,-0.8378072486651665,-0.03606744807661723,4
GSE181483_human,endothelial,singscore,RAM2019_ENDO_5,0.40311953826391467,-0.0027857371421003904,4
GSE181483_human,endothelial,standardized_mean,RAM2019_ENDO_5,0.1442641237050466,0.07860667624338391,4
GSE181483_human,endothelial,singscore,RAM2019_ENDO_6_SAENDO1,1.526258379110129,0.8814542947371693,4
GSE181483_human,endothelial,standardized_mean,RAM2019_ENDO_6_SAENDO1,1.1697266054814732,0.7932249990291107,4
GSE181483_human,endothelial,singscore,RAM2019_ENDO_7_SAENDO2,0.028898165358934854,-0.34359510662471743,3
GSE181483_human,endothelial,standardized_mean,RAM2019_ENDO_7_SAENDO2,-0.02230675762385886,-0.23818213903332777,3
GSE181483_human,macrophage_monocyte,singscore,RAM2019_MAC_SIG_A_SAM,1.7112774716341106,0.7827031320113587,2
GSE181483_human,macrophage_monocyte,standardized_mean,RAM2019_MAC_SIG_A_SAM,1.183463670042817,0.6163325944831843,2
GSE181483_human,macrophage_monocyte,singscore,RAM2019_MAC_SIG_B_SAM,0.7178796734697088,0.20663715285685608,2
GSE181483_human,macrophage_monocyte,standardized_mean,RAM2019_MAC_SIG_B_SAM,0.41865853972360967,0.03958495831148301,2
GSE181483_human,macrophage_monocyte,singscore,RAM2019_MAC_SIG_C_KC,-0.8262531105190158,-1.4487274666747612,2
GSE181483_human,macrophage_monocyte,standardized_mean,RAM2019_MAC_SIG_C_KC,-1.60693573742056,-1.3454936370547714,2
GSE181483_human,macrophage_monocyte,singscore,RAM2019_MAC_SIG_D_TMO,-0.5563790307580921,0.24796747215311032,2
GSE181483_human,macrophage_monocyte,standardized_mean,RAM2019_MAC_SIG_D_TMO,-0.25102540481513397,0.25658513529392735,2
GSE181483_human,macrophage_monocyte,singscore,RAM2019_MAC_SIG_E_TMO,-0.6135926440854942,0.07727554974543127,2
GSE181483_human,macrophage_monocyte,standardized_mean,RAM2019_MAC_SIG_E_TMO,-0.4828815533535024,0.29874729917295273,2
GSE181483_human,macrophage_monocyte,singscore,RAM2019_MAC_SIG_F_CDC1,-0.43293235974121713,0.1341441599080049,2
GSE181483_human,macrophage_monocyte,standardized_mean,RAM2019_MAC_SIG_F_CDC1,0.73872048582277,0.13424364979322417,2
GSE181483_human,mesenchymal_hsc_myofibroblast,singscore,RAM2019_MES_HSC,1.087446355677651,0.11357779342527174,3
GSE181483_human,mesenchymal_hsc_myofibroblast,standardized_mean,RAM2019_MES_HSC,0.23146053303655786,-0.00010966200423571475,3
GSE181483_human,mesenchymal_hsc_myofibroblast,singscore,RAM2019_MES_MESOTHELIAL,0.3492965740398791,0.80151838914023,3
GSE181483_human,mesenchymal_hsc_myofibroblast,standardized_mean,RAM2019_MES_MESOTHELIAL,-0.4535991700279707,0.6914919611997062,3
GSE181483_human,mesenchymal_hsc_myofibroblast,singscore,RAM2019_MES_SAMES,0.31533061464186,0.5930924497419298,3
GSE181483_human,mesenchymal_hsc_myofibroblast,standardized_mean,RAM2019_MES_SAMES,-0.6474711138146145,0.3769668406887276,3
GSE181483_human,mesenchymal_hsc_myofibroblast,singscore,RAM2019_MES_VSMC,-1.2841860933429416,-0.8183186163304804,3
GSE181483_human,mesenchymal_hsc_myofibroblast,standardized_mean,RAM2019_MES_VSMC,-0.39838452169919264,-0.6838542097458641,3
GSE181483_human,mesenchymal_hsc_myofibroblast,singscore,RAM2019_SAMES_A,0.7245513643624145,-0.9186653276331409,3
GSE181483_human,mesenchymal_hsc_myofibroblast,standardized_mean,RAM2019_SAMES_A,1.9299215180530136,-0.8285257353718981,3
GSE181483_human,mesenchymal_hsc_myofibroblast,singscore,RAM2019_SAMES_B,-1.1924388153788619,0.2287953116561898,3
GSE181483_human,mesenchymal_hsc_myofibroblast,standardized_mean,RAM2019_SAMES_B,-0.6619272455477927,0.4440308052335647,3
