standardized_effect,balanced_n_per_group,two_sided_alpha,power
0.3,3,0.05,0.0596183667908663
0.3,4,0.05,0.06506051881611369
0.3,5,0.05,0.07045960293662658
0.3,6,0.05,0.07584215751460019
0.3,7,0.05,0.08122365684084756
0.3,8,0.05,0.08661214888811954
0.3,9,0.05,0.09201177675400486
0.3,10,0.05,0.09742459135248123
0.3,11,0.05,0.10285146834236854
0.3,12,0.05,0.10829259243893188
0.3,13,0.05,0.11374772640929007
0.3,14,0.05,0.11921636764326814
0.3,15,0.05,0.12469784314222111
0.3,16,0.05,0.13019136926582958
0.3,17,0.05,0.13569609050894033
0.3,18,0.05,0.1412111053629661
0.3,19,0.05,0.14673548397618713
0.3,20,0.05,0.15226828046344604
0.3,21,0.05,0.1578085416396159
0.3,22,0.05,0.16335531331047365
0.3,23,0.05,0.1689076448624262
0.3,24,0.05,0.1744645926464151
0.3,25,0.05,0.18002522249331362
0.3,26,0.05,0.1855886115945912
0.3,27,0.05,0.19115384991287146
0.3,28,0.05,0.19672004124004175
0.3,29,0.05,0.20228630398814124
0.3,30,0.05,0.20785177177554992
0.3,31,0.05,0.21341559385487488
0.3,32,0.05,0.2189769354173465
0.3,33,0.05,0.22453497780009382
0.3,34,0.05,0.23008891861648645
0.3,35,0.05,0.23563797182511317
0.3,36,0.05,0.24118136774951815
0.3,37,0.05,0.24671835305820428
0.3,38,0.05,0.25224819071242116
0.3,39,0.05,0.25777015988771085
0.3,40,0.05,0.2632835558740137
0.3,41,0.05,0.2687876899581859
0.3,42,0.05,0.27428188929207914
0.3,43,0.05,0.2797654967487297
0.3,44,0.05,0.28523787076875745
0.3,45,0.05,0.29069838519871644
0.3,46,0.05,0.2961464291228216
0.3,47,0.05,0.30158140668926103
0.3,48,0.05,0.3070027369320843
0.3,49,0.05,0.3124098535865412
0.3,50,0.05,0.31780220494819883
0.3,51,0.05,0.323179253538777
0.3,52,0.05,0.32854047612787607
0.3,53,0.05,0.3338853634049779
0.3,54,0.05,0.33921341982330055
0.3,55,0.05,0.3445241634084588
0.3,56,0.05,0.3498171255668149
0.3,57,0.05,0.35509185089377077
0.3,58,0.05,0.36034789698220787
0.3,59,0.05,0.3655848342312722
0.3,60,0.05,0.37080224565565717
0.5,3,0.05,0.07684904996035864
0.5,4,0.05,0.09228237923828492
0.5,5,0.05,0.10768598979755588
0.5,6,0.05,0.1231048281052574
0.5,7,0.05,0.13855830956700016
0.5,8,0.05,0.15404750233627149
0.5,9,0.05,0.16956418855841715
0.5,10,0.05,0.1850956562911849
0.5,11,0.05,0.20062713508589541
0.5,12,0.05,0.2161430734892068
0.5,13,0.05,0.23162783503821963
0.5,14,0.05,0.24706608906706584
0.5,15,0.05,0.26244303386523327
0.5,16,0.05,0.2777445238106222
0.5,17,0.05,0.2929571394446657
0.5,18,0.05,0.3080682225610455
0.5,19,0.05,0.3230658892726255
0.5,20,0.05,0.3379390289250412
0.5,21,0.05,0.3526772937751872
0.5,22,0.05,0.3672710825914734
0.5,23,0.05,0.3817115202514019
0.5,24,0.05,0.39599043473105267
0.5,25,0.05,0.41010033244202865
0.5,26,0.05,0.42403437258223453
0.5,27,0.05,0.43778634097249086
0.5,28,0.05,0.45135062371788676
0.5,29,0.05,0.4647221809399721
0.5,30,0.05,0.4778965207601645
0.5,31,0.05,0.49086967366734063
0.5,32,0.05,0.5036381673680058
0.5,33,0.05,0.5161990021917122
0.5,34,0.05,0.5285496271051295
0.5,35,0.05,0.5406879163734195
0.5,36,0.05,0.5526121468962583
0.5,37,0.05,0.5643209762369937
0.5,38,0.05,0.5758134213564557
0.5,39,0.05,0.5870888380573965
0.5,40,0.05,0.5981469011410998
0.5,41,0.05,0.6089875852740849
0.5,42,0.05,0.6196111465599655
0.5,43,0.05,0.6300181048090823
0.5,44,0.05,0.640209226496635
0.5,45,0.05,0.6501855083984251
0.5,46,0.05,0.6599481618920267
0.5,47,0.05,0.6694985979101379
0.5,48,0.05,0.6788384125320239
0.5,49,0.05,0.6879693731952424
0.5,50,0.05,0.6968934055617443
0.5,51,0.05,0.7056125807862585
0.5,52,0.05,0.7141291037171636
0.5,53,0.05,0.7224453013090997
0.5,54,0.05,0.7305636117523469
0.5,55,0.05,0.7384865740943929
0.5,56,0.05,0.7462168183720659
0.5,57,0.05,0.7537570562377971
0.5,58,0.05,0.7611100720636826
0.5,59,0.05,0.7682787145071545
0.5,60,0.05,0.7752658885222193
0.8,3,0.05,0.11932928311866398
0.8,4,0.05,0.16011344094763205
0.8,5,0.05,0.20073945265203552
0.8,6,0.05,0.24101842750289632
0.8,7,0.05,0.28076627130379833
0.8,8,0.05,0.31979927375936373
0.8,9,0.05,0.3579489548777971
0.8,10,0.05,0.39506921211366836
0.8,11,0.05,0.43103846029160714
0.8,12,0.05,0.46575928830210134
0.8,13,0.05,0.49915695121032644
0.8,14,0.05,0.5311773530717481
0.8,15,0.05,0.5617848517410411
0.8,16,0.05,0.5909600573340597
0.8,17,0.05,0.6186977144159138
0.8,18,0.05,0.645004714483189
0.8,19,0.05,0.6698982611556298
0.8,20,0.05,0.6934041966153821
0.8,21,0.05,0.7155554896548142
0.8,22,0.05,0.7363908808143113
0.8,23,0.05,0.7559536771956484
0.8,24,0.05,0.7742906878765619
0.8,25,0.05,0.7914512899851561
0.8,26,0.05,0.8074866151465275
0.8,27,0.05,0.8224488460145711
0.8,28,0.05,0.8363906128349048
0.8,29,0.05,0.8493644803722308
0.8,30,0.05,0.8614225160229566
0.8,31,0.05,0.8726159304829044
0.8,32,0.05,0.8829947829225335
0.8,33,0.05,0.8926077432180002
0.8,34,0.05,0.9015019043807562
0.8,35,0.05,0.9097226389104861
0.8,36,0.05,0.9173134933583262
0.8,37,0.05,0.9243161159240997
0.8,38,0.05,0.9307702124191862
0.8,39,0.05,0.936713526403396
0.8,40,0.05,0.9421818397487455
0.8,41,0.05,0.94720899029495
0.8,42,0.05,0.9518269036411673
0.8,43,0.05,0.9560656364667216
0.8,44,0.05,0.9599534290914372
0.8,45,0.05,0.96351676527511
0.8,46,0.05,0.9667804375171549
0.8,47,0.05,0.9697676163531923
0.8,48,0.05,0.9724999223570032
0.8,49,0.05,0.9749974997451117
0.8,50,0.05,0.9772790906584075
0.8,51,0.05,0.9793621092989818
0.8,52,0.05,0.9812627153588042
0.8,53,0.05,0.9829958860908048
0.8,54,0.05,0.9845754866749977
0.8,55,0.05,0.9860143385014553
0.8,56,0.05,0.9873242851096886
0.8,57,0.05,0.9885162555850394
0.8,58,0.05,0.9896003252701681
0.8,59,0.05,0.9905857736988073
0.8,60,0.05,0.9914811397005734
1.0,3,0.05,0.1587908700052003
1.0,4,0.05,0.22318803069754345
1.0,5,0.05,0.28629549338059757
1.0,6,0.05,0.34735369727883936
1.0,7,0.05,0.4058069528202889
1.0,8,0.05,0.46123884950416005
1.0,9,0.05,0.5133625331068465
1.0,10,0.05,0.5620066465861779
1.0,11,0.05,0.6070977962282464
1.0,12,0.05,0.6486425507266578
1.0,13,0.05,0.6867105973053516
1.0,14,0.05,0.721419751479373
1.0,15,0.05,0.7529230345034107
1.0,16,0.05,0.7813977924664225
1.0,17,0.05,0.80703671514722
1.0,18,0.05,0.8300405614791947
1.0,19,0.05,0.8506123816521004
1.0,20,0.05,0.8689530277239899
1.0,21,0.05,0.8852577564808748
1.0,22,0.05,0.8997137452263947
1.0,23,0.05,0.9124983602972395
1.0,24,0.05,0.9237780376374878
1.0,25,0.05,0.9337076536843195
1.0,26,0.05,0.9424302825159361
1.0,27,0.05,0.9500772513685196
1.0,28,0.05,0.9567684211041153
1.0,29,0.05,0.9626126309853991
1.0,30,0.05,0.9677082582419323
1.0,31,0.05,0.9721438524975615
1.0,32,0.05,0.9759988132979724
1.0,33,0.05,0.9793440858711523
1.0,34,0.05,0.9822428560144312
1.0,35,0.05,0.9847512297690793
1.0,36,0.05,0.9869188874487131
1.0,37,0.05,0.9887897047525892
1.0,38,0.05,0.990402336229553
1.0,39,0.05,0.9917907583616243
1.0,40,0.05,0.9929847710950582
1.0,41,0.05,0.9940104578373261
1.0,42,0.05,0.9948906048266701
1.0,43,0.05,0.9956450814231187
1.0,44,0.05,0.9962911833141068
1.0,45,0.05,0.9968439409145617
1.0,46,0.05,0.997316395404334
1.0,47,0.05,0.9977198449132254
1.0,48,0.05,0.9980640633586988
1.0,49,0.05,0.998357494382417
1.0,50,0.05,0.9986074227351128
1.0,51,0.05,0.9988201253315362
1.0,52,0.05,0.9990010040678583
1.0,53,0.05,0.9991547023263724
1.0,54,0.05,0.9992852069569899
1.0,55,0.05,0.9993959373620398
1.0,56,0.05,0.9994898231663598
1.0,57,0.05,0.9995693718122656
1.0,58,0.05,0.9996367272849562
1.0,59,0.05,0.9996937210486483
1.0,60,0.05,0.9997419161577249
1.5,3,0.05,0.2931947003055968
1.5,4,0.05,0.42999755618003327
1.5,5,0.05,0.5493855977623961
1.5,6,0.05,0.6495814802369018
1.5,7,0.05,0.7313303219845837
1.5,8,0.05,0.7965450101338418
1.5,9,0.05,0.8476101041561461
1.5,10,0.05,0.8869702022546846
1.5,11,0.05,0.9168991435634399
1.5,12,0.05,0.9393885629852996
1.5,13,0.05,0.9561117580143756
1.5,14,0.05,0.9684316702286689
1.5,15,0.05,0.977431889912583
1.5,16,0.05,0.9839571910177144
1.5,17,0.05,0.9886555189321302
1.5,18,0.05,0.992017021710147
1.5,19,0.05,0.9944080761512201
1.5,20,0.05,0.996099693410795
1.5,21,0.05,0.9972904945428814
1.5,22,0.05,0.9981248467472394
1.5,23,0.05,0.9987069029173882
1.5,24,0.05,0.9991112962917628
1.5,25,0.05,0.9993911771789569
1.5,26,0.05,0.9995841822158319
1.5,27,0.05,0.9997168230948092
1.5,28,0.05,0.9998076843675574
1.5,29,0.05,0.9998697348800991
1.5,30,0.05,0.9999119865087325
1.5,31,0.05,0.9999406767417198
1.5,32,0.05,0.9999601067717223
1.5,33,0.05,0.9999732322037046
1.5,34,0.05,0.9999820773009787
1.5,35,0.05,0.9999880241263485
1.5,36,0.05,0.9999920134833873
1.5,37,0.05,0.9999946839954834
1.5,38,0.05,0.9999964680015891
1.5,39,0.05,0.9999976574405721
1.5,40,0.05,0.9999984489640984
1.5,41,0.05,0.9999989747284825
1.5,42,0.05,0.9999993233484415
1.5,43,0.05,0.9999995541153464
1.5,44,0.05,0.9999997066188918
1.5,45,0.05,0.9999998072413808
1.5,46,0.05,0.9999998735303335
1.5,47,0.05,0.9999999171356405
1.5,48,0.05,0.9999999457780556
1.5,49,0.05,0.9999999645656429
1.5,50,0.05,0.9999999768723401
1.5,51,0.05,0.9999999849231269
1.5,52,0.05,0.9999999901830302
1.5,53,0.05,0.9999999936152526
1.5,54,0.05,0.9999999958521504
1.5,55,0.05,0.9999999973082937
1.5,56,0.05,0.9999999982551038
1.5,57,0.05,0.9999999988700476
1.5,58,0.05,0.9999999992690122
1.5,59,0.05,0.9999999995275779
1.5,60,0.05,0.9999999996949787
