dataset_id,contrast,program_id,lineage,score_method,n_control,n_case,unadjusted_standardized_beta,unadjusted_hc3_low,unadjusted_hc3_high,unadjusted_p,adjusted_standardized_beta,adjusted_hc3_low,adjusted_hc3_high,adjusted_p,sign_retained,magnitude_retention_ratio,adjusted_fdr_within_context_method,composition_stable,both_adjusted_intervals_positive
GSE244832,mash_f2f4_group_vs_normal_sensitivity,RAM2019_ENDO_1,endothelial,singscore,5,9,-0.5075289219625188,-1.385479406498806,0.3704215625737683,0.2571957005857297,-0.9719814528352764,-1.9562592568075776,0.0122963511370248,0.0529272301828345,True,1.9151252485805288,0.2481632670768132,True,False
GSE244832,mash_f2f4_group_vs_normal_sensitivity,RAM2019_ENDO_1,endothelial,standardized_mean,5,9,-0.597560828268856,-1.4522855325158184,0.2571638759781062,0.1705969379343943,-0.9854792078812072,-1.951471800500068,-0.0194866152623464,0.0455501353544179,True,1.6491696932949191,0.2286948859385989,True,False
GSE244832,mash_f2f4_group_vs_normal_sensitivity,RAM2019_ENDO_2,endothelial,singscore,5,9,1.174296267002595,0.3601691695659932,1.9884233644391969,0.0046971302850502,1.1543616468938758,0.2531724784243471,2.055550815363405,0.0120517353406579,True,0.9830241986891411,0.0803472363555648,True,False
GSE244832,mash_f2f4_group_vs_normal_sensitivity,RAM2019_ENDO_2,endothelial,standardized_mean,5,9,1.0365027906995214,0.0874985281234376,1.9855070532756052,0.0322972143582861,1.1271639289389086,-0.0549574494284645,2.309285307306282,0.0616397116554937,True,1.0874683011496775,0.2286948859385989,True,False
GSE244832,mash_f2f4_group_vs_normal_sensitivity,RAM2019_ENDO_3,endothelial,singscore,5,9,0.8192614437938288,-0.1405644723558314,1.779087359943489,0.0943347471610253,0.3160645170580514,-0.9680612961145588,1.6001903302306617,0.6295084577612314,True,0.3857920074871613,0.8226935024465869,False,False
GSE244832,mash_f2f4_group_vs_normal_sensitivity,RAM2019_ENDO_3,endothelial,standardized_mean,5,9,0.2044846928893031,-0.7661659843533668,1.175135370131973,0.6796735906633082,-0.1925028312488702,-1.6770381478827163,1.2920324853849765,0.7993740053346813,False,0.9414046035860532,0.911638948108234,False,False
GSE244832,mash_f2f4_group_vs_normal_sensitivity,RAM2019_ENDO_4,endothelial,singscore,5,9,0.5498769834681323,-0.4553201698695632,1.5550741368058278,0.2836362415303025,0.2062352485254137,-0.6298447118588114,1.042315208909639,0.6287607750004747,True,0.3750570668091366,0.8226935024465869,False,False
GSE244832,mash_f2f4_group_vs_normal_sensitivity,RAM2019_ENDO_4,endothelial,standardized_mean,5,9,0.1863709010683097,-0.7930694266212662,1.1658112287578857,0.7091820892254062,-0.0663307112111836,-0.9801340060662864,0.8474725836439193,0.8868655325690906,False,0.3559070156927112,0.911638948108234,False,False
GSE244832,mash_f2f4_group_vs_normal_sensitivity,RAM2019_ENDO_5,endothelial,singscore,5,9,0.9546836285055016,-0.0618964595692406,1.971263716580244,0.0656711673517587,1.1488333181112118,-0.1670727603976047,2.464739396620028,0.0870533394751885,True,1.203365475020913,0.2481632670768132,True,False
GSE244832,mash_f2f4_group_vs_normal_sensitivity,RAM2019_ENDO_5,endothelial,standardized_mean,5,9,0.7584083449086638,-0.3276992786876185,1.844515968504946,0.1711147083145529,1.1465031677281103,-0.1550522501719506,2.448058585628172,0.0842560106089575,True,1.5117227749731383,0.2286948859385989,True,False
GSE244832,mash_f2f4_group_vs_normal_sensitivity,RAM2019_ENDO_6_SAENDO1,endothelial,singscore,5,9,1.2168048189533167,0.3675495876375396,2.066060050269094,0.0049808546310856,1.1958714311262515,0.2847785405552884,2.106964321697215,0.0100928050621618,True,0.982796429221022,0.0803472363555648,True,True
GSE244832,mash_f2f4_group_vs_normal_sensitivity,RAM2019_ENDO_6_SAENDO1,endothelial,standardized_mean,5,9,1.1251343794866322,0.1869112547729612,2.063357504200303,0.0187498223536347,1.154630915987249,0.2151560550772001,2.094105776897298,0.016001820059334,True,1.0262160120945512,0.1520172905636735,True,True
GSE244832,mash_f2f4_group_vs_normal_sensitivity,RAM2019_ENDO_7_SAENDO2,endothelial,singscore,5,9,0.8602681854041025,-0.2342337635836604,1.9547701343918653,0.1234284219432998,0.8176347331466801,-0.2067568070836772,1.8420262733770376,0.11772229720795,True,0.9504416727472076,0.2795904558688813,True,False
GSE244832,mash_f2f4_group_vs_normal_sensitivity,RAM2019_ENDO_7_SAENDO2,endothelial,standardized_mean,5,9,0.4330089446830144,-0.910154381491914,1.776172270857943,0.5274752723565217,0.6382430463744749,-0.6734073835354096,1.9498934762843596,0.3402218720419534,True,1.4739719680426064,0.6293362857503401,True,False
GSE244832,mash_f2f4_group_vs_normal_sensitivity,RAM2019_MAC_SIG_A_SAM,macrophage_monocyte,singscore,4,9,1.3353639065327074,0.4507830010454892,2.219944812019926,0.0030882216565245,1.194165565132965,-0.1924989961309775,2.580830126396908,0.0914285720809312,True,0.8942622750929624,0.2481632670768132,True,False
GSE244832,mash_f2f4_group_vs_normal_sensitivity,RAM2019_MAC_SIG_A_SAM,macrophage_monocyte,standardized_mean,4,9,1.2442532615802355,0.4490061680053536,2.039500355155117,0.0021647954660529,1.4288242980769563,0.0012270403768508,2.856421555777062,0.0497992102505761,True,1.148338800625132,0.2286948859385989,True,False
GSE244832,mash_f2f4_group_vs_normal_sensitivity,RAM2019_MAC_SIG_B_SAM,macrophage_monocyte,singscore,4,9,1.144272067812356,0.0009658987475664,2.287578236877146,0.049802563394987,0.5893266503141522,-0.5305533737335731,1.7092066743618777,0.3023382218020095,True,0.5150231897566455,0.5744426214238181,False,False
GSE244832,mash_f2f4_group_vs_normal_sensitivity,RAM2019_MAC_SIG_B_SAM,macrophage_monocyte,standardized_mean,4,9,0.8698849311626691,-0.1971478294083313,1.9369176917336692,0.1100729908605974,0.7803274818844212,-0.7629624324346787,2.323617396203521,0.3216724310515058,True,0.8970467862243029,0.6293362857503401,False,False
GSE244832,mash_f2f4_group_vs_normal_sensitivity,RAM2019_MAC_SIG_C_KC,macrophage_monocyte,singscore,4,9,-0.0925848953506662,-1.5108185353285837,1.3256487446272511,0.8981866443402603,-1.0001144531082085,-1.7865783067338403,-0.2136505994825764,0.0126864057403523,True,10.802134077273244,0.0803472363555648,True,False
GSE244832,mash_f2f4_group_vs_normal_sensitivity,RAM2019_MAC_SIG_C_KC,macrophage_monocyte,standardized_mean,4,9,-0.3485949774385544,-1.6414546442687783,0.9442646893916696,0.5971685439758427,-1.118429509598688,-1.9183478750393612,-0.3185111441580146,0.0061358488218803,True,3.2083924955454344,0.1165811276157266,True,False
GSE244832,mash_f2f4_group_vs_normal_sensitivity,RAM2019_MAC_SIG_D_TMO,macrophage_monocyte,singscore,4,9,0.3576677211289544,-1.5708395427801731,2.286174985038082,0.7162250835956236,-0.2117650616869167,-1.4890764242503662,1.065546300876533,0.7452205768509862,False,0.5920720522905851,0.8328935858922787,False,False
GSE244832,mash_f2f4_group_vs_normal_sensitivity,RAM2019_MAC_SIG_D_TMO,macrophage_monocyte,standardized_mean,4,9,-0.1479530609643265,-1.7401230280486923,1.4442169061200394,0.8554777074391324,-0.1186683816764916,-1.1734712614701603,0.936134498117177,0.8254773479035384,True,0.8020677700281185,0.911638948108234,False,False
GSE244832,mash_f2f4_group_vs_normal_sensitivity,RAM2019_MAC_SIG_E_TMO,macrophage_monocyte,singscore,4,9,1.348160784654436,0.1692393203424922,2.52708224896638,0.0250023412435103,0.8368651631765784,-0.0845004370375728,1.7582307633907297,0.0750360128694765,True,0.620745813631633,0.2481632670768132,False,False
GSE244832,mash_f2f4_group_vs_normal_sensitivity,RAM2019_MAC_SIG_E_TMO,macrophage_monocyte,standardized_mean,4,9,1.3088216961195172,0.219711365762149,2.397932026476885,0.018502774032622,1.12644679477866,-0.1109070886078544,2.3638006781651746,0.0743716248896627,True,0.8606571835708603,0.2286948859385989,False,False
GSE244832,mash_f2f4_group_vs_normal_sensitivity,RAM2019_MAC_SIG_F_CDC1,macrophage_monocyte,singscore,4,9,0.9702449830013352,-0.1291854166551163,2.0696753826577865,0.0836846359204857,0.7441601767775361,-0.5254550798948407,2.013775433449913,0.2506319819590633,True,0.7669817312278873,0.5291119619135781,True,False
GSE244832,mash_f2f4_group_vs_normal_sensitivity,RAM2019_MAC_SIG_F_CDC1,macrophage_monocyte,standardized_mean,4,9,0.535202530369336,-0.4802547331330171,1.550659793871689,0.3015902546818222,0.6426564987389353,-0.5953830586981429,1.880696056176013,0.3089534677358212,True,1.2007725342693107,0.6293362857503401,True,False
GSE244832,mash_f2f4_group_vs_normal_sensitivity,RAM2019_MES_HSC,mesenchymal_hsc_myofibroblast,singscore,5,9,0.9518915295911334,-0.3146205450319548,2.2184036042142217,0.1407222723859743,-0.3829528474756754,-1.7055105914038535,0.9396048964525028,0.5703560070337781,False,0.4023072330942637,0.8226935024465869,False,False
GSE244832,mash_f2f4_group_vs_normal_sensitivity,RAM2019_MES_HSC,mesenchymal_hsc_myofibroblast,standardized_mean,5,9,0.567219573490566,-0.8485482119093483,1.98298735889048,0.4322992580353513,-0.8052401829215511,-2.575243847715205,0.9647634818721028,0.3725663270601574,False,1.419626932064861,0.6293362857503401,False,False
GSE244832,mash_f2f4_group_vs_normal_sensitivity,RAM2019_MES_MESOTHELIAL,mesenchymal_hsc_myofibroblast,singscore,5,9,1.3512593414980925,0.6454099492051043,2.0571087337910807,0.0001753091332944,0.2006861335295141,-1.3782234030591698,1.7795956701181983,0.8032645897915144,True,0.1485178509900406,0.8455863004169129,False,False
GSE244832,mash_f2f4_group_vs_normal_sensitivity,RAM2019_MES_MESOTHELIAL,mesenchymal_hsc_myofibroblast,standardized_mean,5,9,1.0222952945050283,-0.0397175224846202,2.084308111494677,0.0592007896445805,0.1089532505816784,-1.8154000677337367,2.0333065688970944,0.9116389481082338,True,0.1065770831258996,0.911638948108234,False,False
GSE244832,mash_f2f4_group_vs_normal_sensitivity,RAM2019_MES_SAMES,mesenchymal_hsc_myofibroblast,singscore,5,9,1.1584571295970216,0.1949337502799238,2.1219805089141195,0.0184463597897785,0.4553507027051029,-1.3598567193004305,2.2705581247106363,0.6229509573532703,True,0.3930665115449721,0.8226935024465869,False,False
GSE244832,mash_f2f4_group_vs_normal_sensitivity,RAM2019_MES_SAMES,mesenchymal_hsc_myofibroblast,standardized_mean,5,9,0.9493801853934388,-0.1848864609832987,2.083646831770176,0.1008974516314199,0.5340644091439586,-1.4148704386172395,2.4829992569051567,0.591200902857387,True,0.562540083899722,0.8163012915048565,False,False
GSE244832,mash_f2f4_group_vs_normal_sensitivity,RAM2019_MES_VSMC,mesenchymal_hsc_myofibroblast,singscore,5,9,-0.2369290852374939,-1.436715927230961,0.9628577567559732,0.6987170267336862,-0.6666053457163876,-3.54152254464431,2.208311853211535,0.6494948703525686,True,2.8135226413768195,0.8226935024465869,True,False
GSE244832,mash_f2f4_group_vs_normal_sensitivity,RAM2019_MES_VSMC,mesenchymal_hsc_myofibroblast,standardized_mean,5,9,-0.4026991970237554,-1.4843020657028323,0.6789036716553214,0.4655482504981469,-0.7643730837050535,-3.632971348790425,2.104225181380317,0.6014851621614732,True,1.8981241814096856,0.8163012915048565,True,False
GSE244832,mash_f2f4_group_vs_normal_sensitivity,RAM2019_SAMES_A,mesenchymal_hsc_myofibroblast,singscore,5,9,0.94502515963458,-0.221457804379861,2.1115081236490214,0.1123106956935126,0.1878245851564824,-1.7024474205018112,2.078096590814776,0.8455863004169129,True,0.1987508832348018,0.8455863004169129,False,False
GSE244832,mash_f2f4_group_vs_normal_sensitivity,RAM2019_SAMES_A,mesenchymal_hsc_myofibroblast,standardized_mean,5,9,0.9278765327348552,-0.1447171329016774,2.000470198371388,0.0899708130202613,0.7761063836975381,-1.021671068633998,2.5738838360290743,0.3974755488949516,True,0.836432818717826,0.6293362857503401,False,False
GSE244832,mash_f2f4_group_vs_normal_sensitivity,RAM2019_SAMES_B,mesenchymal_hsc_myofibroblast,singscore,5,9,1.1344783516653827,0.1949389580690891,2.0740177452616764,0.0179490387505066,0.3280106703701093,-1.6312451075677727,2.2872664483079914,0.7428093911903761,True,0.2891290696632499,0.8328935858922787,False,False
GSE244832,mash_f2f4_group_vs_normal_sensitivity,RAM2019_SAMES_B,mesenchymal_hsc_myofibroblast,standardized_mean,5,9,0.6348002392346872,-0.6180844434922907,1.8876849219616647,0.3206734012610087,0.1432831166455434,-2.2605834522873143,2.547149685578401,0.9069976784392974,True,0.2257137092737788,0.911638948108234,False,False
GSE256398,mash_cirrhosis_vs_healthy,RAM2019_ENDO_1,endothelial,singscore,6,4,-1.522453924286737,-2.55551456487136,-0.4893932837021142,0.0038706731224482,-1.5863911687623973,-3.3370086014356835,0.1642262639108886,0.0757112525101025,True,1.0419961769980095,0.2877027595383896,True,False
GSE256398,mash_cirrhosis_vs_healthy,RAM2019_ENDO_1,endothelial,standardized_mean,6,4,-1.7886354254018224,-2.4834985818323903,-1.0937722689712546,4.5304095586298476e-07,-1.7968809280493885,-2.707818953630187,-0.8859429024685895,0.000110535331756,True,1.0046099403659712,0.0010500856516827,True,False
GSE256398,mash_cirrhosis_vs_healthy,RAM2019_ENDO_2,endothelial,singscore,6,4,1.6568942094969352,0.9305206679269382,2.383267751066932,7.79065695705048e-06,1.7097842301090902,0.0503944862294802,3.3691739739887003,0.0434328055570401,True,1.0319211813940816,0.2063058263959407,True,False
GSE256398,mash_cirrhosis_vs_healthy,RAM2019_ENDO_2,endothelial,standardized_mean,6,4,1.529445705142512,0.6145537415500356,2.4443376687349883,0.0010507381348609,1.5285841198124253,-0.5870892764931583,3.644257516118009,0.1567434914311176,True,0.9994366682470716,0.5956252674382471,True,False
GSE256398,mash_cirrhosis_vs_healthy,RAM2019_ENDO_3,endothelial,singscore,6,4,1.1986135226605457,-0.0634254543309194,2.460652499652011,0.0626739417420404,1.1704871666114105,-0.4391798192761886,2.780154152499009,0.1540890811630728,True,0.976534257692418,0.4182417917283404,False,False
GSE256398,mash_cirrhosis_vs_healthy,RAM2019_ENDO_3,endothelial,standardized_mean,6,4,0.2859090884861678,-1.0630361551806975,1.634854332153033,0.6778328510392242,0.1923115930008386,-1.8594546294453675,2.244077815447045,0.8542406769592203,True,0.6726319685012132,0.9547395801308934,False,False
GSE256398,mash_cirrhosis_vs_healthy,RAM2019_ENDO_4,endothelial,singscore,6,4,0.4757600455933533,-1.165324650838991,2.1168447420256973,0.5698886776592895,0.6159380997780171,-1.5651251233850292,2.797001322941063,0.5799147462772102,True,1.2946402403544377,0.7345586786177996,True,False
GSE256398,mash_cirrhosis_vs_healthy,RAM2019_ENDO_4,endothelial,standardized_mean,6,4,0.0159820959613689,-1.6573437493808034,1.6893079413035414,0.9850643550014798,0.0893440574380446,-1.6942375281593756,1.8729256430354648,0.9217883338914176,True,5.590259103311753,0.9729987968853852,True,False
GSE256398,mash_cirrhosis_vs_healthy,RAM2019_ENDO_5,endothelial,singscore,6,4,1.268240744890759,0.2014417857316837,2.3350397040498345,0.0198006878625173,1.433064106628084,-0.8430422575307288,3.709170470786897,0.217188105596909,True,1.1299622034707,0.515821750792659,True,False
GSE256398,mash_cirrhosis_vs_healthy,RAM2019_ENDO_5,endothelial,standardized_mean,6,4,1.3531048474404688,0.3239277308850465,2.382281963995891,0.0099691069950731,1.439373540803681,-1.192237119886731,4.070984201494093,0.2837054374675889,True,1.0637561039903138,0.7070512827200498,True,False
GSE256398,mash_cirrhosis_vs_healthy,RAM2019_ENDO_6_SAENDO1,endothelial,singscore,6,4,1.5251520917411612,0.7506598883557242,2.299644295126598,0.0001135319834816,1.7309895976049128,0.1934315369284744,3.268547658281351,0.0273436544626572,True,1.1349619536165478,0.196424338281713,True,True
GSE256398,mash_cirrhosis_vs_healthy,RAM2019_ENDO_6_SAENDO1,endothelial,standardized_mean,6,4,1.6885449589713333,1.04229742330015,2.3347924946425165,3.036342156716343e-07,1.6612691795621803,0.0800783186141116,3.242460040510249,0.0394690656685859,True,0.9838465779283904,0.1874780619257834,True,True
GSE256398,mash_cirrhosis_vs_healthy,RAM2019_ENDO_7_SAENDO2,endothelial,singscore,6,4,0.399036121710086,-1.0921719704331152,1.890244213853288,0.5999438043351621,0.4581391843458791,-3.3238906160949924,4.240168984786751,0.8123261994011329,True,1.1481145676298783,0.8339923000949223,True,False
GSE256398,mash_cirrhosis_vs_healthy,RAM2019_ENDO_7_SAENDO2,endothelial,standardized_mean,6,4,0.5514947065333662,-0.8507897440138297,1.953779157080562,0.4408048695939917,0.5597565486092311,-3.2190835485550737,4.338596645773536,0.7715613224598445,True,1.01498081845209,0.9547395801308934,True,False
GSE256398,mash_cirrhosis_vs_healthy,RAM2019_MAC_SIG_A_SAM,macrophage_monocyte,singscore,6,4,1.1617032965456942,0.0036601880573792,2.3197464050340093,0.049276100644398,1.4480682037861392,0.8873582657592034,2.008778141813075,4.152695043586124e-07,True,1.246504342452971,7.890120582813636e-06,True,True
GSE256398,mash_cirrhosis_vs_healthy,RAM2019_MAC_SIG_A_SAM,macrophage_monocyte,standardized_mean,6,4,1.326933851266095,0.3241567090443611,2.3297109934878293,0.0094980343111485,1.5777325261399964,0.9349649345691824,2.2205001177108104,1.5017600219107725e-06,True,1.189006162315176,2.853344041630468e-05,True,True
GSE256398,mash_cirrhosis_vs_healthy,RAM2019_MAC_SIG_B_SAM,macrophage_monocyte,singscore,6,4,-0.6697469785441009,-1.8468251566331635,0.5073311995449615,0.2647550830655343,-0.4701301092835041,-2.3423067778427487,1.4020465592757403,0.622589420482605,True,0.7019518181410466,0.7393249368230934,True,False
GSE256398,mash_cirrhosis_vs_healthy,RAM2019_MAC_SIG_B_SAM,macrophage_monocyte,standardized_mean,6,4,0.0836199356645746,-1.1671063167879794,1.3343461881171286,0.8957437243756423,0.3046374343052078,-1.2131664595973637,1.8224413282077796,0.6940312123724941,True,3.6431196925001537,0.9418995025055278,True,False
GSE256398,mash_cirrhosis_vs_healthy,RAM2019_MAC_SIG_C_KC,macrophage_monocyte,singscore,6,4,-1.123261140221297,-2.278670153007425,0.0321478725648307,0.056719607894264,-0.9380784121753248,-1.790525751465741,-0.0856310728849089,0.0310143692023757,True,0.8351383116400797,0.196424338281713,True,False
GSE256398,mash_cirrhosis_vs_healthy,RAM2019_MAC_SIG_C_KC,macrophage_monocyte,standardized_mean,6,4,-0.5955386269672964,-1.8248869135325216,0.633809659597929,0.3423707095331348,-0.4534507049872576,-1.707002210300973,0.8001008003264578,0.4783267716077911,True,0.7614127521776326,0.9088208660548032,True,False
GSE256398,mash_cirrhosis_vs_healthy,RAM2019_MAC_SIG_D_TMO,macrophage_monocyte,singscore,6,4,-0.6022291629496866,-2.0745123591918246,0.8700540332924515,0.4227109059945013,-0.3003155370122341,-0.8698956275854864,0.2692645535610182,0.3014049309476597,True,0.4986731886933281,0.5726693688005535,False,False
GSE256398,mash_cirrhosis_vs_healthy,RAM2019_MAC_SIG_D_TMO,macrophage_monocyte,standardized_mean,6,4,-1.0107996294538817,-2.15379500639732,0.1321957474895569,0.0830402801792764,-0.7096129314210702,-1.381592708263975,-0.0376331545781654,0.0384741999050939,True,0.7020312540126894,0.1874780619257834,False,False
GSE256398,mash_cirrhosis_vs_healthy,RAM2019_MAC_SIG_E_TMO,macrophage_monocyte,singscore,6,4,0.1754127804421817,-1.2208101457858715,1.5716357066702349,0.8054947254190699,0.365964904127867,-0.7027738681847089,1.4347036764404428,0.5021206949062567,True,2.0863069566843437,0.7338687079399135,True,False
GSE256398,mash_cirrhosis_vs_healthy,RAM2019_MAC_SIG_E_TMO,macrophage_monocyte,standardized_mean,6,4,0.2368401362600583,-1.052115459842132,1.5257957323622486,0.7187411656707698,0.4326373526921901,-0.6911493761493662,1.556424081533747,0.450510523073812,True,1.826706231148001,0.9088208660548032,True,False
GSE256398,mash_cirrhosis_vs_healthy,RAM2019_MAC_SIG_F_CDC1,macrophage_monocyte,singscore,6,4,0.2746023647819697,-1.090821484202388,1.6400262137663275,0.6934493063786548,0.523005769613674,-0.9245163083071808,1.9705278475345285,0.4788398659613597,True,1.9045931014794169,0.7338687079399135,True,False
GSE256398,mash_cirrhosis_vs_healthy,RAM2019_MAC_SIG_F_CDC1,macrophage_monocyte,standardized_mean,6,4,0.5855081652833716,-0.6634831958371161,1.8344995264038595,0.3581906671707932,0.8244605341194706,-0.5003809674265489,2.14930203566549,0.2225690419695822,True,1.4081110785542197,0.7048019662370105,True,False
GSE256398,mash_cirrhosis_vs_healthy,RAM2019_MES_HSC,mesenchymal_hsc_myofibroblast,singscore,6,4,0.5543644822493189,-0.6236413890487927,1.7323703535474304,0.3563368919122314,0.3491407483643945,-2.013715005331488,2.711996502060277,0.7721116329103934,True,0.6298036031236443,0.8339923000949223,False,False
GSE256398,mash_cirrhosis_vs_healthy,RAM2019_MES_HSC,mesenchymal_hsc_myofibroblast,standardized_mean,6,4,0.1566992864844281,-1.1486277518098975,1.4620263247787535,0.813983535627221,0.0110760276665348,-3.154935751857685,3.177087807190756,0.9945290312367402,True,0.0706833318455185,0.9945290312367404,False,False
GSE256398,mash_cirrhosis_vs_healthy,RAM2019_MES_MESOTHELIAL,mesenchymal_hsc_myofibroblast,singscore,6,4,0.43723906557607,-0.890965133997933,1.765443265150073,0.5187823563466127,0.1630630005874174,-1.361878538877748,1.6880045400525827,0.8339923000949223,True,0.3729378580858942,0.8339923000949223,False,False
GSE256398,mash_cirrhosis_vs_healthy,RAM2019_MES_MESOTHELIAL,mesenchymal_hsc_myofibroblast,standardized_mean,6,4,0.061501531501254,-1.2845853673594907,1.4075884303619983,0.9286442757952138,-0.1906397081449694,-1.7656455001665785,1.3843660838766392,0.812470875398674,False,3.0997554612291607,0.9547395801308934,False,False
GSE256398,mash_cirrhosis_vs_healthy,RAM2019_MES_SAMES,mesenchymal_hsc_myofibroblast,singscore,6,4,0.763621803387684,-0.5135676448183857,2.040811251593753,0.241249650679273,0.3977151312719315,-0.9983000076446806,1.7937302701885438,0.5765777263015427,True,0.5208273644198385,0.7345586786177996,False,False
GSE256398,mash_cirrhosis_vs_healthy,RAM2019_MES_SAMES,mesenchymal_hsc_myofibroblast,standardized_mean,6,4,0.782848182880268,-0.5980554165363474,2.163751782296884,0.2665064679903917,0.2795195331363276,-1.0168219054834544,1.5758609717561096,0.6725733955739981,True,0.3570545851022029,0.9418995025055278,False,False
GSE256398,mash_cirrhosis_vs_healthy,RAM2019_MES_VSMC,mesenchymal_hsc_myofibroblast,singscore,6,4,0.7511392808152707,-0.4922374825000132,1.9945160441305547,0.2363892171363503,0.4599491522182123,-0.6332747021051848,1.5531730065416096,0.4095842027740578,True,0.6123353736992603,0.7074636229733726,False,False
GSE256398,mash_cirrhosis_vs_healthy,RAM2019_MES_VSMC,mesenchymal_hsc_myofibroblast,standardized_mean,6,4,0.7464207500857494,-0.487546387135684,1.9803878873071827,0.2357824692095419,0.4084728994675985,-1.0459569900372745,1.862902788972472,0.5820032422783277,True,0.5472421545363964,0.921505133607352,False,False
GSE256398,mash_cirrhosis_vs_healthy,RAM2019_SAMES_A,mesenchymal_hsc_myofibroblast,singscore,6,4,1.2122904246243131,0.1166649895712745,2.307915859677352,0.0301050270051585,0.8888175344410704,-0.3324704882148067,2.110105557096948,0.1537441427041206,True,0.7331721148556573,0.4182417917283404,False,False
GSE256398,mash_cirrhosis_vs_healthy,RAM2019_SAMES_A,mesenchymal_hsc_myofibroblast,standardized_mean,6,4,1.2156965656760623,-0.1836697235702418,2.6150628549223667,0.0886156234417819,0.7107430409861545,-0.6269774260227828,2.048463507995092,0.2977058032505473,True,0.5846385200495342,0.7070512827200498,False,False
GSE256398,mash_cirrhosis_vs_healthy,RAM2019_SAMES_B,mesenchymal_hsc_myofibroblast,singscore,6,4,1.0487348001813417,-0.0786377631304622,2.176107363493146,0.068260408260133,0.612111974274267,-0.5330485037628857,1.7572724523114198,0.2947950240973451,True,0.5836670759551641,0.5726693688005535,False,False
GSE256398,mash_cirrhosis_vs_healthy,RAM2019_SAMES_B,mesenchymal_hsc_myofibroblast,standardized_mean,6,4,0.6932864958955488,-0.510453028143414,1.897026019934512,0.2589610564606815,0.5037161566983668,-1.1819099043795307,2.1893422177762645,0.5580721565924267,True,0.7265627697647483,0.921505133607352,False,False
GSE256398,alcohol_cirrhosis_vs_healthy,RAM2019_ENDO_1,endothelial,singscore,6,4,-1.41416400532453,-2.7070953823378483,-0.1212326283112117,0.0320504551551457,-1.0318929513928965,-1.8415342032135595,-0.2222516995722334,0.0124884733212413,True,0.7296840730690866,0.0790936643678618,True,False
GSE256398,alcohol_cirrhosis_vs_healthy,RAM2019_ENDO_1,endothelial,standardized_mean,6,4,-1.7080183821719044,-2.6023299690466506,-0.8137067952971583,0.0001815872633451,-1.4466529716696557,-2.0787801567959536,-0.8145257865433576,7.2725155639285294e-06,True,0.8469774018650208,0.0001381777957146,True,False
GSE256398,alcohol_cirrhosis_vs_healthy,RAM2019_ENDO_2,endothelial,singscore,6,4,1.570321920536165,0.6967792395522265,2.4438646015201035,0.0004260649854018,1.7694134194005022,0.8602332453975456,2.678593593403459,0.0001364695554213,True,1.126783875497554,0.0025929215530062,True,True
GSE256398,alcohol_cirrhosis_vs_healthy,RAM2019_ENDO_2,endothelial,standardized_mean,6,4,1.6480981771043566,0.8994913500645773,2.396705004144136,1.5957012350823553e-05,1.831586743428504,0.6540921949110525,3.009081291945956,0.0022978035199844,True,1.111333516942862,0.0145527556265679,True,True
GSE256398,alcohol_cirrhosis_vs_healthy,RAM2019_ENDO_3,endothelial,singscore,6,4,-0.3240927198888377,-2.1281804413052567,1.4799950015275811,0.72476225235051,0.1155328231688644,-1.5170469769006107,1.7481126232383395,0.8896845485086321,False,0.3564807725656152,0.9689666929283758,False,False
GSE256398,alcohol_cirrhosis_vs_healthy,RAM2019_ENDO_3,endothelial,standardized_mean,6,4,-0.7734367340594653,-2.3308110114124574,0.7839375432935268,0.3303584061798066,-0.4574032927709029,-2.1987933861019973,1.2839868005601915,0.6066755952183356,True,0.5913907015641382,0.789242471470203,False,False
GSE256398,alcohol_cirrhosis_vs_healthy,RAM2019_ENDO_4,endothelial,singscore,6,4,-1.016194675806517,-2.6123706469090693,0.5799812952960353,0.2120966925882906,-0.5349199174407866,-1.5278756978444852,0.458035862962912,0.2910226335899925,True,0.5263951191401786,0.6143811153566507,False,False
GSE256398,alcohol_cirrhosis_vs_healthy,RAM2019_ENDO_4,endothelial,standardized_mean,6,4,-1.048634434109785,-2.6311305679963093,0.5338616997767394,0.1940174527255782,-0.5617194851718346,-1.2667919709694044,0.1433530006257354,0.118405989576698,True,0.5356675948264982,0.2619663790755717,False,False
GSE256398,alcohol_cirrhosis_vs_healthy,RAM2019_ENDO_5,endothelial,singscore,6,4,0.1734728787810537,-1.5163048271278865,1.863250584689994,0.8405312860866884,0.7253897633115132,-0.3285934639536745,1.7793729905767008,0.177355080266686,True,4.181574482470274,0.481392360723862,True,False
GSE256398,alcohol_cirrhosis_vs_healthy,RAM2019_ENDO_5,endothelial,standardized_mean,6,4,0.9688784693371226,-0.3823693676831241,2.3201263063573694,0.1599115847495389,1.3646394329883569,-0.1399934043573349,2.869272270334049,0.0754632431981417,True,1.4084732772749111,0.2048288029663848,True,False
GSE256398,alcohol_cirrhosis_vs_healthy,RAM2019_ENDO_6_SAENDO1,endothelial,singscore,6,4,1.3441144596313803,0.2329935353736543,2.4552353838891063,0.0177401766850225,1.5314209960355962,0.5807673995467988,2.482074592524394,0.0015918771341883,True,1.13935311465631,0.015122832774789,True,True
GSE256398,alcohol_cirrhosis_vs_healthy,RAM2019_ENDO_6_SAENDO1,endothelial,standardized_mean,6,4,1.5210494931078822,0.4741565708422715,2.567942415373493,0.0044033767171438,1.6981864057905918,0.7218237964606747,2.6745490151205087,0.0006519530624882,True,1.1164570340974078,0.0061935540936381,True,True
GSE256398,alcohol_cirrhosis_vs_healthy,RAM2019_ENDO_7_SAENDO2,endothelial,singscore,6,4,-0.8205170562927222,-2.4077139639919896,0.7666798514065449,0.3109449262925019,-1.1718860195661982,-3.7672514687068994,1.423479429574503,0.3761570104358891,True,1.428228713320158,0.626869044925967,True,False
GSE256398,alcohol_cirrhosis_vs_healthy,RAM2019_ENDO_7_SAENDO2,endothelial,standardized_mean,6,4,-0.5293807295033491,-2.077551131890294,1.018789672883596,0.50272930502261,-0.9091797243583672,-3.7529126007872535,1.9345531520705197,0.5308962818620413,True,1.7174401592051438,0.789242471470203,True,False
GSE256398,alcohol_cirrhosis_vs_healthy,RAM2019_MAC_SIG_A_SAM,macrophage_monocyte,singscore,6,4,0.3814408147095388,-1.202578127253624,1.965459756672702,0.6369416335232194,0.7444920371468589,-0.4661694214826335,1.9551534957763512,0.228089378575323,True,1.9517891332991668,0.5417122741163923,True,False
GSE256398,alcohol_cirrhosis_vs_healthy,RAM2019_MAC_SIG_A_SAM,macrophage_monocyte,standardized_mean,6,4,0.8183129593782374,-0.6182966282765248,2.254922547033,0.264232352844966,1.092012487962001,-0.299779612396523,2.483804588320525,0.1240893374568497,True,1.334468036277616,0.2619663790755717,True,False
GSE256398,alcohol_cirrhosis_vs_healthy,RAM2019_MAC_SIG_B_SAM,macrophage_monocyte,singscore,6,4,-1.1115996683589782,-2.494315819811492,0.2711164830935353,0.1150967066625434,-1.0016627060860002,-3.0097423035973137,1.0064168914253135,0.3282327044562846,True,0.9011002203380696,0.6236421384669407,False,False
GSE256398,alcohol_cirrhosis_vs_healthy,RAM2019_MAC_SIG_B_SAM,macrophage_monocyte,standardized_mean,6,4,-0.3396217985278401,-1.731386311305561,1.052142714249881,0.6324480689839636,-0.1330264378909982,-1.9639412268527752,1.6978883510707787,0.8867599416264739,True,0.3916899282308393,0.8927187487572055,False,False
GSE256398,alcohol_cirrhosis_vs_healthy,RAM2019_MAC_SIG_C_KC,macrophage_monocyte,singscore,6,4,-1.2962521031992236,-2.698958139245932,0.1064539328474847,0.0701018511598924,-1.042359846806384,-2.267365958795597,0.1826462651828293,0.095361903035991,True,0.8041335819118679,0.3623752315367659,False,False
GSE256398,alcohol_cirrhosis_vs_healthy,RAM2019_MAC_SIG_C_KC,macrophage_monocyte,standardized_mean,6,4,-0.9218076612484414,-2.546836222787044,0.7032209002901606,0.2662145556228236,-0.5780956570921146,-1.4046521530578984,0.2484608388736692,0.1704283163087528,True,0.6271326236420907,0.3238138009866305,False,False
GSE256398,alcohol_cirrhosis_vs_healthy,RAM2019_MAC_SIG_D_TMO,macrophage_monocyte,singscore,6,4,-0.9338983226276206,-2.47734367096585,0.6095470257106087,0.2356441691969185,-0.5337195643009593,-1.0374667666712345,-0.0299723619306842,0.0378368599133221,True,0.5714964374272389,0.17972508458828,False,False
GSE256398,alcohol_cirrhosis_vs_healthy,RAM2019_MAC_SIG_D_TMO,macrophage_monocyte,standardized_mean,6,4,-1.0408963892817875,-2.4151847661619104,0.3333919875983349,0.137671341169611,-0.6744530547625771,-1.3585505944444312,0.0096444849192769,0.0533141381553275,True,0.6479540727660182,0.1688281041585372,False,False
GSE256398,alcohol_cirrhosis_vs_healthy,RAM2019_MAC_SIG_E_TMO,macrophage_monocyte,singscore,6,4,-0.3213103366048673,-1.7416840722835882,1.0990633990738536,0.6574893961861935,-0.0091355204287481,-0.9545033434709828,0.9362323026134866,0.9848886715963808,True,0.0284320776146786,0.9848886715963808,False,False
GSE256398,alcohol_cirrhosis_vs_healthy,RAM2019_MAC_SIG_E_TMO,macrophage_monocyte,standardized_mean,6,4,0.0779228579189732,-1.1659736348095664,1.3218193506475129,0.902279281185472,0.2958012399940672,-0.8703038186715601,1.461906298659695,0.6190583038429374,True,3.79607791466852,0.789242471470203,False,False
GSE256398,alcohol_cirrhosis_vs_healthy,RAM2019_MAC_SIG_F_CDC1,macrophage_monocyte,singscore,6,4,-0.5536578833995557,-2.0404921660516253,0.9331763992525138,0.4654804592446431,-0.1925521482412104,-1.6061702288562132,1.2210659323737922,0.7894875799974739,True,0.3477818234229896,0.9375165012470004,False,False
GSE256398,alcohol_cirrhosis_vs_healthy,RAM2019_MAC_SIG_F_CDC1,macrophage_monocyte,standardized_mean,6,4,0.0525113701762555,-1.5046952980258437,1.609718038378355,0.9473028506868332,0.391627449234166,-1.170161355226937,1.953416253695269,0.6230861616870024,True,7.457955256540815,0.789242471470203,False,False
GSE256398,alcohol_cirrhosis_vs_healthy,RAM2019_MES_HSC,mesenchymal_hsc_myofibroblast,singscore,6,4,0.4336444135706178,-1.0646309343029945,1.9319197614442296,0.5705233230902902,0.0946969003548432,-1.707423064381244,1.8968168650909305,0.9179684459321454,True,0.2183745423470608,0.9689666929283758,False,False
GSE256398,alcohol_cirrhosis_vs_healthy,RAM2019_MES_HSC,mesenchymal_hsc_myofibroblast,standardized_mean,6,4,0.1146026001060267,-1.5130574717828449,1.7422626719948984,0.8902384722635258,-0.15400989542739,-2.3922465053069626,2.084226714452183,0.8927187487572055,False,1.3438603948331438,0.8927187487572055,False,False
GSE256398,alcohol_cirrhosis_vs_healthy,RAM2019_MES_MESOTHELIAL,mesenchymal_hsc_myofibroblast,singscore,6,4,-0.908547157560626,-2.267600423535421,0.4505061084141688,0.1900981161325954,-0.8241886254407363,-2.72705412499412,1.078676874112647,0.3959172915321897,True,0.9071500786526204,0.626869044925967,True,False
GSE256398,alcohol_cirrhosis_vs_healthy,RAM2019_MES_MESOTHELIAL,mesenchymal_hsc_myofibroblast,standardized_mean,6,4,-0.8189083073967266,-2.0122525782881207,0.3744359634946673,0.1786219227827908,-0.731777375547893,-2.61589625883898,1.152341507743193,0.4465083432615847,True,0.8936011137488409,0.7712416838154645,True,False
GSE256398,alcohol_cirrhosis_vs_healthy,RAM2019_MES_SAMES,mesenchymal_hsc_myofibroblast,singscore,6,4,-0.6637892862975645,-1.993583562412495,0.6660049898173659,0.327892782239458,-0.698870446226737,-2.792035306913391,1.3942944144599168,0.5128482910307938,True,1.0528498435472582,0.7495475022757755,True,False
GSE256398,alcohol_cirrhosis_vs_healthy,RAM2019_MES_SAMES,mesenchymal_hsc_myofibroblast,standardized_mean,6,4,0.382671289535186,-1.0105830724516105,1.7759256515219826,0.5903467134250674,0.3426381408484376,-1.712751066834182,2.3980273485310573,0.7438671615476304,True,0.8953850216059457,0.8313809452591163,True,False
GSE256398,alcohol_cirrhosis_vs_healthy,RAM2019_MES_VSMC,mesenchymal_hsc_myofibroblast,singscore,6,4,0.9595497852652468,-0.2211127177921211,2.1402122883226147,0.1111749721750856,1.0727356302758488,-0.4034607030298076,2.5489319635815053,0.154356629364573,True,1.1179572407275506,0.481392360723862,True,False
GSE256398,alcohol_cirrhosis_vs_healthy,RAM2019_MES_VSMC,mesenchymal_hsc_myofibroblast,standardized_mean,6,4,1.268599463525499,0.2571222164286166,2.280076710622381,0.013961940270579,1.3227756822202894,-0.0080552188044571,2.653606583245036,0.0513986249177642,True,1.0427055349245002,0.1688281041585372,True,False
GSE256398,alcohol_cirrhosis_vs_healthy,RAM2019_SAMES_A,mesenchymal_hsc_myofibroblast,singscore,6,4,0.3626398751971372,-1.1678601361891077,1.8931398865833824,0.6423565331395387,0.3276056013420287,-1.4602757168544045,2.115486919538462,0.7194873124880188,True,0.9033910050954456,0.911350595818157,True,False
GSE256398,alcohol_cirrhosis_vs_healthy,RAM2019_SAMES_A,mesenchymal_hsc_myofibroblast,standardized_mean,6,4,1.275822913392252,-0.0625248219927767,2.614170648777281,0.0617017579696924,1.3870781863597008,0.0454857317209542,2.728670640998448,0.0427184461926722,True,1.0872027550215688,0.1688281041585372,True,False
GSE256398,alcohol_cirrhosis_vs_healthy,RAM2019_SAMES_B,mesenchymal_hsc_myofibroblast,singscore,6,4,0.3975634221627714,-1.0415776112522943,1.8367044555778371,0.5881967840544312,0.3173112523392336,-1.0913885703390367,1.726011075017504,0.6588566707542474,True,0.7981399561686016,0.89416262459505,True,False
GSE256398,alcohol_cirrhosis_vs_healthy,RAM2019_SAMES_B,mesenchymal_hsc_myofibroblast,standardized_mean,6,4,0.3968159462639163,-0.9566338558198734,1.7502657483477062,0.5655283661867172,0.3111540636698715,-1.313661858027704,1.935969985367447,0.7074059935319641,True,0.7841269147559096,0.8313809452591163,True,False
GSE256398,mash_fibrosis_vs_masld_f0,RAM2019_ENDO_1,endothelial,singscore,3,4,-1.0664569211434225,-2.3876528119969422,0.2547389697100972,0.1136282040666529,-0.4568315217000627,-5.272308546943323,4.3586455035431975,0.8524918162084615,True,0.428363783518102,0.975584523342138,False,False
GSE256398,mash_fibrosis_vs_masld_f0,RAM2019_ENDO_1,endothelial,standardized_mean,3,4,-0.9607619241674824,-2.3376882847620672,0.4161644364271026,0.1714352965507837,-0.3695685741486147,-5.052020517732475,4.312883369435245,0.8770613507116545,True,0.3846619696850004,0.9562600190784591,False,False
GSE256398,mash_fibrosis_vs_masld_f0,RAM2019_ENDO_2,endothelial,singscore,3,4,1.300528369675,-0.1018232538962016,2.702879993246201,0.0691120633441049,1.167732139249868,-1.382952146784525,3.718416425284261,0.3695534222852561,True,0.8978905546994586,0.975584523342138,True,False
GSE256398,mash_fibrosis_vs_masld_f0,RAM2019_ENDO_2,endothelial,standardized_mean,3,4,1.179422102476964,-0.2187863533814718,2.5776305583354,0.0982684727961171,1.0929842012692228,-1.725861529501496,3.911829932039941,0.447270217771237,True,0.9267116488437782,0.9442371264059448,True,False
GSE256398,mash_fibrosis_vs_masld_f0,RAM2019_ENDO_3,endothelial,singscore,3,4,1.4853764681752328,0.25349263878454,2.7172602975659257,0.0181119360590858,1.0741195708913498,-1.7971934312636106,3.9454325730463102,0.4634305795689317,True,0.7231295189500967,0.975584523342138,True,False
GSE256398,mash_fibrosis_vs_masld_f0,RAM2019_ENDO_3,endothelial,standardized_mean,3,4,1.4637113791136045,0.4459961496006215,2.4814266086265877,0.0048183093898898,1.545849889298285,-0.6362149139246573,3.727914692521227,0.1649752501008697,True,1.0561166028745517,0.6582352295734621,True,False
GSE256398,mash_fibrosis_vs_masld_f0,RAM2019_ENDO_4,endothelial,singscore,3,4,0.3231172754259359,-1.58027694734389,2.226511498195762,0.7393406798648687,0.3612182325501679,-7.434891691371723,8.157328156472058,0.9276412204613896,True,1.1179168061317892,0.975584523342138,False,False
GSE256398,mash_fibrosis_vs_masld_f0,RAM2019_ENDO_4,endothelial,standardized_mean,3,4,-0.1294978227006049,-1.8377471433767816,1.578751497975572,0.8818831853344665,0.6828308302900138,-5.165710630289532,6.53137229086956,0.818997502333567,False,5.27291359846797,0.9562600190784591,False,False
GSE256398,mash_fibrosis_vs_masld_f0,RAM2019_ENDO_5,endothelial,singscore,3,4,1.490298143793598,0.2029993568263857,2.7775969307608106,0.0232634410449658,1.5105184831694842,-0.872630619598596,3.893667585937565,0.2141212375961604,True,1.0135679826617878,0.975584523342138,True,False
GSE256398,mash_fibrosis_vs_masld_f0,RAM2019_ENDO_5,endothelial,standardized_mean,3,4,1.3663039612185046,0.0172783414785047,2.7153295809585045,0.0471329340114669,1.4751749208331215,-0.9987188813914254,3.949068723057669,0.2425077161586439,True,1.0796828251288413,0.6582352295734621,True,False
GSE256398,mash_fibrosis_vs_masld_f0,RAM2019_ENDO_6_SAENDO1,endothelial,singscore,3,4,1.1297473135222689,-0.6662539200354181,2.925748547079956,0.217609997805024,1.6000354362105735,-1.9959361965248403,5.196007068945987,0.3831503987665656,True,1.4162772657737634,0.975584523342138,True,False
GSE256398,mash_fibrosis_vs_masld_f0,RAM2019_ENDO_6_SAENDO1,endothelial,standardized_mean,3,4,1.1530379177144787,-0.5174820113403307,2.823557846769288,0.176105194294262,1.3287601532589548,-1.9942507271839345,4.651771033701844,0.4331938604792025,True,1.1523993555153746,0.9442371264059448,True,False
GSE256398,mash_fibrosis_vs_masld_f0,RAM2019_ENDO_7_SAENDO2,endothelial,singscore,3,4,-0.8282184646093813,-2.4934029212708846,0.836965992052122,0.3296337405641246,-1.0409211046344329,-2.0533861039879096,-0.0284561052809557,0.0438955023606435,True,1.256819485575427,0.4470652480303352,True,False
GSE256398,mash_fibrosis_vs_masld_f0,RAM2019_ENDO_7_SAENDO2,endothelial,standardized_mean,3,4,-0.6108972976764258,-2.451359706828242,1.2295651114753905,0.515320917862083,-0.4521238150234865,-2.297536734427774,1.3932891043808011,0.6310869616131013,True,0.7400979129276868,0.9562600190784591,True,False
GSE256398,mash_fibrosis_vs_masld_f0,RAM2019_MAC_SIG_A_SAM,macrophage_monocyte,singscore,3,4,0.8950164766222957,-0.671993155042321,2.4620261082869126,0.2629364112328415,1.0124939321741229,-0.1639370167574179,2.188924881105664,0.0916280195311787,True,1.131257310474524,0.5803107903641318,True,False
GSE256398,mash_fibrosis_vs_masld_f0,RAM2019_MAC_SIG_A_SAM,macrophage_monocyte,standardized_mean,3,4,1.1604449814994853,-0.1715905618890381,2.4924805248880086,0.0877261640580665,1.134673184214164,-0.3992909772027482,2.668637345631076,0.1471109900324865,True,0.9777914526787648,0.6582352295734621,True,False
GSE256398,mash_fibrosis_vs_masld_f0,RAM2019_MAC_SIG_B_SAM,macrophage_monocyte,singscore,3,4,-1.0528562537271329,-2.7738342586322458,0.6681217511779804,0.2304950437223358,0.2363607369956281,-2.2789582221339133,2.7516796961251693,0.8538736214464454,False,0.2244947837455553,0.975584523342138,False,False
GSE256398,mash_fibrosis_vs_masld_f0,RAM2019_MAC_SIG_B_SAM,macrophage_monocyte,standardized_mean,3,4,-1.007090010938411,-2.8986065396110794,0.8844265177342572,0.29669257226585,0.5007031852731767,-1.8194484385504572,2.82085480909681,0.6723096930090908,False,0.4971781864926047,0.9562600190784591,False,False
GSE256398,mash_fibrosis_vs_masld_f0,RAM2019_MAC_SIG_C_KC,macrophage_monocyte,singscore,3,4,-1.4240739758045426,-2.6101744936904003,-0.2379734579186851,0.0186103726545032,-1.156768318464191,-3.1911817682754613,0.8776451313470792,0.2650832673291141,True,0.8122951041294502,0.975584523342138,True,False
GSE256398,mash_fibrosis_vs_masld_f0,RAM2019_MAC_SIG_C_KC,macrophage_monocyte,standardized_mean,3,4,-1.5341802124410946,-2.6086870392859214,-0.4596733855962678,0.0051342661299181,-1.2838740844783147,-3.285906351815361,0.7181581828587318,0.2087828211872573,True,0.8368469845113515,0.6582352295734621,True,False
GSE256398,mash_fibrosis_vs_masld_f0,RAM2019_MAC_SIG_D_TMO,macrophage_monocyte,singscore,3,4,1.4024979317664643,0.1713205085010898,2.633675355031839,0.0255662629692401,0.6866798058783475,0.0089093328349971,1.364450278921698,0.0470594997926668,True,0.4896119918076923,0.4470652480303352,False,False
GSE256398,mash_fibrosis_vs_masld_f0,RAM2019_MAC_SIG_D_TMO,macrophage_monocyte,standardized_mean,3,4,1.63406219022567,0.6528250425565714,2.6152993378947684,0.0010984964700979,0.936140641207019,-0.3086336296382628,2.180914912052301,0.1404732893831526,True,0.5728916847881625,0.6582352295734621,False,False
GSE256398,mash_fibrosis_vs_masld_f0,RAM2019_MAC_SIG_E_TMO,macrophage_monocyte,singscore,3,4,1.273148379624926,-0.2329019011785036,2.779198660428356,0.0975402161661645,0.7516947472415824,-1.542798783360816,3.046188277843981,0.520800500417628,True,0.5904219486679425,0.975584523342138,False,False
GSE256398,mash_fibrosis_vs_masld_f0,RAM2019_MAC_SIG_E_TMO,macrophage_monocyte,standardized_mean,3,4,1.6672762804061505,0.7079306823275731,2.626621878484728,0.0006583906712074,1.5250526599479772,-0.6748438314285563,3.724949151324511,0.1742267075119544,True,0.9146970288430378,0.6582352295734621,False,False
GSE256398,mash_fibrosis_vs_masld_f0,RAM2019_MAC_SIG_F_CDC1,macrophage_monocyte,singscore,3,4,-0.0424318487594155,-1.9257747803310672,1.840911082812236,0.9647777129088252,-0.4846693116055727,-2.17531893507456,1.2059803118634145,0.5741938957979204,True,11.422300130112191,0.975584523342138,True,False
GSE256398,mash_fibrosis_vs_masld_f0,RAM2019_MAC_SIG_F_CDC1,macrophage_monocyte,standardized_mean,3,4,-0.2816931132698448,-2.0115817103344744,1.4481954837947848,0.7496020062208429,-1.2146937585113635,-2.334424030724449,-0.0949634862982782,0.0334844351410542,True,4.312117340787671,0.6362042676800301,True,False
GSE256398,mash_fibrosis_vs_masld_f0,RAM2019_MES_HSC,mesenchymal_hsc_myofibroblast,singscore,3,4,-0.2600411478284848,-2.3268203305943063,1.8067380349373368,0.8052129723958508,-2.2407146565112024,-11.930814675627351,7.449385362604947,0.6503863499122589,True,8.616769596745163,0.975584523342138,True,False
GSE256398,mash_fibrosis_vs_masld_f0,RAM2019_MES_HSC,mesenchymal_hsc_myofibroblast,standardized_mean,3,4,-1.1017166836531826,-2.708923844280922,0.5054904769745565,0.1790936413616005,-2.195027405690298,-10.905178081934672,6.515123270554075,0.6213516442302158,True,1.992370124061121,0.9562600190784591,True,False
GSE256398,mash_fibrosis_vs_masld_f0,RAM2019_MES_MESOTHELIAL,mesenchymal_hsc_myofibroblast,singscore,3,4,0.064330341138508,-1.9578729975014129,2.086533679778429,0.9502828946450254,0.699060872860988,-12.891948973366947,14.290070719088924,0.9196983908555194,True,10.866736604984856,0.975584523342138,True,False
GSE256398,mash_fibrosis_vs_masld_f0,RAM2019_MES_MESOTHELIAL,mesenchymal_hsc_myofibroblast,standardized_mean,3,4,0.2620179376949996,-1.7430003834351724,2.267036258825172,0.7978466778790771,1.1803584041058186,-13.205756451808291,15.566473260019931,0.8722391429362576,True,4.504876324459158,0.9562600190784591,True,False
GSE256398,mash_fibrosis_vs_masld_f0,RAM2019_MES_SAMES,mesenchymal_hsc_myofibroblast,singscore,3,4,0.3162993314202709,-1.6777666782174077,2.310365341057949,0.7558798594986599,0.5309682023724538,-11.02461213488676,12.086548539631668,0.9282393901763952,True,1.6786889810618966,0.975584523342138,False,False
GSE256398,mash_fibrosis_vs_masld_f0,RAM2019_MES_SAMES,mesenchymal_hsc_myofibroblast,standardized_mean,3,4,0.9711212377256706,-0.6659790621081645,2.6082215375595057,0.2449658425366583,0.2551272259287676,-8.86197134861057,9.372225800468104,0.9562600190784591,True,0.2627140834920529,0.9562600190784591,False,False
GSE256398,mash_fibrosis_vs_masld_f0,RAM2019_MES_VSMC,mesenchymal_hsc_myofibroblast,singscore,3,4,1.0753583654846437,-0.6122133854957517,2.7629301164650397,0.2116812688296074,-0.9139071940527816,-8.188797373603204,6.360982985497642,0.8055082484894016,False,0.849862913969987,0.975584523342138,False,False
GSE256398,mash_fibrosis_vs_masld_f0,RAM2019_MES_VSMC,mesenchymal_hsc_myofibroblast,standardized_mean,3,4,0.898515656670023,-0.8501507986623926,2.6471821120024384,0.313884330627311,-0.6105421611045752,-9.357572473584003,8.136488151374852,0.891182658269891,False,0.6795008596369899,0.9562600190784591,False,False
GSE256398,mash_fibrosis_vs_masld_f0,RAM2019_SAMES_A,mesenchymal_hsc_myofibroblast,singscore,3,4,0.4796209820925737,-1.2623903130742216,2.2216322772593693,0.5894460582172714,-0.6704248167550445,-9.293250665859846,7.952401032349757,0.8788793246284298,False,1.3978221174353105,0.975584523342138,False,False
GSE256398,mash_fibrosis_vs_masld_f0,RAM2019_SAMES_A,mesenchymal_hsc_myofibroblast,standardized_mean,3,4,1.5304961282946152,0.3188435184165812,2.742148738172649,0.0132949430781149,1.0032848032384212,-6.074759061485633,8.081328667962476,0.7811487948487637,True,0.655529135089254,0.9562600190784591,False,False
GSE256398,mash_fibrosis_vs_masld_f0,RAM2019_SAMES_B,mesenchymal_hsc_myofibroblast,singscore,3,4,0.9638340089224284,-0.835070032648115,2.762738050492972,0.2936502834802402,0.1498032591581448,-9.443858298878936,9.743464817195225,0.975584523342138,True,0.1554243342436377,0.975584523342138,False,False
GSE256398,mash_fibrosis_vs_masld_f0,RAM2019_SAMES_B,mesenchymal_hsc_myofibroblast,standardized_mean,3,4,0.999880224343722,-0.6984259467140742,2.6981863954015184,0.2485195015436234,-0.4180717605122992,-7.640875784359977,6.804732263335378,0.9096745109744035,False,0.4181218413302487,0.9562600190784591,False,False
