program_left,lineage_left,program_right,lineage_right,singscore,standardized_mean,stable
RAM2019_ENDO_1,endothelial,RAM2019_MAC_SIG_A_SAM,macrophage_monocyte,-0.2132624853381933,-0.2137543943857381,False
RAM2019_ENDO_1,endothelial,RAM2019_MAC_SIG_B_SAM,macrophage_monocyte,0.2523606171788208,0.3453148277512183,False
RAM2019_ENDO_1,endothelial,RAM2019_MAC_SIG_C_KC,macrophage_monocyte,0.5627338756672258,0.5228220765844137,False
RAM2019_ENDO_1,endothelial,RAM2019_MAC_SIG_D_TMO,macrophage_monocyte,0.2460239013844038,0.3178488774831552,False
RAM2019_ENDO_1,endothelial,RAM2019_MAC_SIG_E_TMO,macrophage_monocyte,0.2939811333852989,0.2906310621632954,False
RAM2019_ENDO_1,endothelial,RAM2019_MAC_SIG_F_CDC1,macrophage_monocyte,0.0263116799816718,-0.0693896464713698,False
RAM2019_ENDO_1,endothelial,RAM2019_MES_HSC,mesenchymal_hsc_myofibroblast,0.1180759411684781,0.141946033311334,False
RAM2019_ENDO_1,endothelial,RAM2019_MES_MESOTHELIAL,mesenchymal_hsc_myofibroblast,0.2233051881356629,0.2334594797997287,False
RAM2019_ENDO_1,endothelial,RAM2019_MES_SAMES,mesenchymal_hsc_myofibroblast,0.306076339307745,0.2413129545527683,False
RAM2019_ENDO_1,endothelial,RAM2019_MES_VSMC,mesenchymal_hsc_myofibroblast,-0.0929023175457286,-0.0204855851389707,False
RAM2019_ENDO_1,endothelial,RAM2019_SAMES_A,mesenchymal_hsc_myofibroblast,0.4057148898491464,0.4163567308541816,True
RAM2019_ENDO_1,endothelial,RAM2019_SAMES_B,mesenchymal_hsc_myofibroblast,0.2185963343450076,0.1655943952010354,False
RAM2019_ENDO_2,endothelial,RAM2019_MAC_SIG_A_SAM,macrophage_monocyte,0.5177317952762328,0.3135900999711639,False
RAM2019_ENDO_2,endothelial,RAM2019_MAC_SIG_B_SAM,macrophage_monocyte,0.3191474913452438,0.216212052399775,False
RAM2019_ENDO_2,endothelial,RAM2019_MAC_SIG_C_KC,macrophage_monocyte,0.0929564428591034,-0.1909791157462624,False
RAM2019_ENDO_2,endothelial,RAM2019_MAC_SIG_D_TMO,macrophage_monocyte,0.0249499500037096,-0.0923673067724175,False
RAM2019_ENDO_2,endothelial,RAM2019_MAC_SIG_E_TMO,macrophage_monocyte,0.2696187381051051,0.3138504997427413,False
RAM2019_ENDO_2,endothelial,RAM2019_MAC_SIG_F_CDC1,macrophage_monocyte,0.3659191711876854,0.1298622962091273,False
RAM2019_ENDO_2,endothelial,RAM2019_MES_HSC,mesenchymal_hsc_myofibroblast,0.0865558365392934,-0.0853262452452281,False
RAM2019_ENDO_2,endothelial,RAM2019_MES_MESOTHELIAL,mesenchymal_hsc_myofibroblast,0.2342327013331675,0.1860501589684789,False
RAM2019_ENDO_2,endothelial,RAM2019_MES_SAMES,mesenchymal_hsc_myofibroblast,0.1065587624485786,0.3182637976869695,False
RAM2019_ENDO_2,endothelial,RAM2019_MES_VSMC,mesenchymal_hsc_myofibroblast,0.4158322262039075,0.4638727107536115,False
RAM2019_ENDO_2,endothelial,RAM2019_SAMES_A,mesenchymal_hsc_myofibroblast,-0.2095031198843306,-0.0904131589002049,False
RAM2019_ENDO_2,endothelial,RAM2019_SAMES_B,mesenchymal_hsc_myofibroblast,0.3057116827131474,0.2819478647023131,False
RAM2019_ENDO_3,endothelial,RAM2019_MAC_SIG_A_SAM,macrophage_monocyte,0.1778121475553976,-0.0277016629093515,False
RAM2019_ENDO_3,endothelial,RAM2019_MAC_SIG_B_SAM,macrophage_monocyte,0.2286903506331007,0.1788531423187812,False
RAM2019_ENDO_3,endothelial,RAM2019_MAC_SIG_C_KC,macrophage_monocyte,0.0567963937879871,0.1451713793634489,False
RAM2019_ENDO_3,endothelial,RAM2019_MAC_SIG_D_TMO,macrophage_monocyte,-0.0375993838850938,0.1525633757857517,False
RAM2019_ENDO_3,endothelial,RAM2019_MAC_SIG_E_TMO,macrophage_monocyte,-0.0298112840675551,0.0218149621288728,False
RAM2019_ENDO_3,endothelial,RAM2019_MAC_SIG_F_CDC1,macrophage_monocyte,0.0167678220028097,-0.0955916182967438,False
RAM2019_ENDO_3,endothelial,RAM2019_MES_HSC,mesenchymal_hsc_myofibroblast,-0.2421480566559146,-0.3555086606336531,False
RAM2019_ENDO_3,endothelial,RAM2019_MES_MESOTHELIAL,mesenchymal_hsc_myofibroblast,0.2320969204498367,0.0756237358409199,False
RAM2019_ENDO_3,endothelial,RAM2019_MES_SAMES,mesenchymal_hsc_myofibroblast,0.0601338833971588,0.0607915376760041,False
RAM2019_ENDO_3,endothelial,RAM2019_MES_VSMC,mesenchymal_hsc_myofibroblast,0.0698358518637035,-0.0930385493475326,False
RAM2019_ENDO_3,endothelial,RAM2019_SAMES_A,mesenchymal_hsc_myofibroblast,-0.2979012540987936,0.107479700048003,False
RAM2019_ENDO_3,endothelial,RAM2019_SAMES_B,mesenchymal_hsc_myofibroblast,0.2809932986224338,0.0197211375672898,False
RAM2019_ENDO_4,endothelial,RAM2019_MAC_SIG_A_SAM,macrophage_monocyte,-0.1081287705429542,0.0149597920947608,False
RAM2019_ENDO_4,endothelial,RAM2019_MAC_SIG_B_SAM,macrophage_monocyte,0.1090468025227374,0.2860166332967693,False
RAM2019_ENDO_4,endothelial,RAM2019_MAC_SIG_C_KC,macrophage_monocyte,0.406937138603964,0.3661387620391528,False
RAM2019_ENDO_4,endothelial,RAM2019_MAC_SIG_D_TMO,macrophage_monocyte,-0.0487488503037323,0.2776409891306076,False
RAM2019_ENDO_4,endothelial,RAM2019_MAC_SIG_E_TMO,macrophage_monocyte,0.0917400515509703,0.2446081017470693,False
RAM2019_ENDO_4,endothelial,RAM2019_MAC_SIG_F_CDC1,macrophage_monocyte,0.0329480605885524,-0.0851877625624019,False
RAM2019_ENDO_4,endothelial,RAM2019_MES_HSC,mesenchymal_hsc_myofibroblast,-0.1349850886334617,-0.0806674301735463,False
RAM2019_ENDO_4,endothelial,RAM2019_MES_MESOTHELIAL,mesenchymal_hsc_myofibroblast,0.0286229090982276,0.2478981008358561,False
RAM2019_ENDO_4,endothelial,RAM2019_MES_SAMES,mesenchymal_hsc_myofibroblast,-0.0822608844492981,0.2303795642024965,False
RAM2019_ENDO_4,endothelial,RAM2019_MES_VSMC,mesenchymal_hsc_myofibroblast,-0.0780135963644101,0.0473263782678841,False
RAM2019_ENDO_4,endothelial,RAM2019_SAMES_A,mesenchymal_hsc_myofibroblast,-0.1751302659158124,0.1779736949096693,False
RAM2019_ENDO_4,endothelial,RAM2019_SAMES_B,mesenchymal_hsc_myofibroblast,0.0513892684449058,0.1766232769709741,False
RAM2019_ENDO_5,endothelial,RAM2019_MAC_SIG_A_SAM,macrophage_monocyte,0.4184096666124326,0.4099401192582166,False
RAM2019_ENDO_5,endothelial,RAM2019_MAC_SIG_B_SAM,macrophage_monocyte,0.2728324491111722,0.3661832058691932,False
RAM2019_ENDO_5,endothelial,RAM2019_MAC_SIG_C_KC,macrophage_monocyte,0.1126463922547533,-0.021576832871583,False
RAM2019_ENDO_5,endothelial,RAM2019_MAC_SIG_D_TMO,macrophage_monocyte,0.1792770969114022,-0.0017710478256052,False
RAM2019_ENDO_5,endothelial,RAM2019_MAC_SIG_E_TMO,macrophage_monocyte,0.1948913980747746,0.3529158614930105,False
RAM2019_ENDO_5,endothelial,RAM2019_MAC_SIG_F_CDC1,macrophage_monocyte,0.1791727785077219,0.1835377325041587,False
RAM2019_ENDO_5,endothelial,RAM2019_MES_HSC,mesenchymal_hsc_myofibroblast,0.0082719971371055,-0.0967727502791585,False
RAM2019_ENDO_5,endothelial,RAM2019_MES_MESOTHELIAL,mesenchymal_hsc_myofibroblast,0.3513935856863142,0.3867634930337656,False
RAM2019_ENDO_5,endothelial,RAM2019_MES_SAMES,mesenchymal_hsc_myofibroblast,0.1050841480337691,0.2816374878540165,False
RAM2019_ENDO_5,endothelial,RAM2019_MES_VSMC,mesenchymal_hsc_myofibroblast,0.4163516884614412,0.5023731101020892,True
RAM2019_ENDO_5,endothelial,RAM2019_SAMES_A,mesenchymal_hsc_myofibroblast,-0.2175242181091558,-0.1647509476251597,False
RAM2019_ENDO_5,endothelial,RAM2019_SAMES_B,mesenchymal_hsc_myofibroblast,0.4168172782281161,0.4326299534296587,True
RAM2019_ENDO_6_SAENDO1,endothelial,RAM2019_MAC_SIG_A_SAM,macrophage_monocyte,0.5281458045742423,0.493368551761196,True
RAM2019_ENDO_6_SAENDO1,endothelial,RAM2019_MAC_SIG_B_SAM,macrophage_monocyte,0.1731623305496632,0.175175412162427,False
RAM2019_ENDO_6_SAENDO1,endothelial,RAM2019_MAC_SIG_C_KC,macrophage_monocyte,-0.0050499520818867,-0.1176342732294693,False
RAM2019_ENDO_6_SAENDO1,endothelial,RAM2019_MAC_SIG_D_TMO,macrophage_monocyte,0.1651412206262892,-0.143496696069599,False
RAM2019_ENDO_6_SAENDO1,endothelial,RAM2019_MAC_SIG_E_TMO,macrophage_monocyte,0.2004444420517427,0.2270872362155103,False
RAM2019_ENDO_6_SAENDO1,endothelial,RAM2019_MAC_SIG_F_CDC1,macrophage_monocyte,0.1622777402473414,0.1359964565905945,False
RAM2019_ENDO_6_SAENDO1,endothelial,RAM2019_MES_HSC,mesenchymal_hsc_myofibroblast,0.1940543191747706,0.0152333687130693,False
RAM2019_ENDO_6_SAENDO1,endothelial,RAM2019_MES_MESOTHELIAL,mesenchymal_hsc_myofibroblast,0.1518864257595129,0.1846267494676645,False
RAM2019_ENDO_6_SAENDO1,endothelial,RAM2019_MES_SAMES,mesenchymal_hsc_myofibroblast,0.036199645522484,0.1270035466813606,False
RAM2019_ENDO_6_SAENDO1,endothelial,RAM2019_MES_VSMC,mesenchymal_hsc_myofibroblast,0.320769743526913,0.4740787499960772,False
RAM2019_ENDO_6_SAENDO1,endothelial,RAM2019_SAMES_A,mesenchymal_hsc_myofibroblast,-0.0623915538991774,-0.2414616066063299,False
RAM2019_ENDO_6_SAENDO1,endothelial,RAM2019_SAMES_B,mesenchymal_hsc_myofibroblast,0.2290006539771306,0.340573253280765,False
RAM2019_ENDO_7_SAENDO2,endothelial,RAM2019_MAC_SIG_A_SAM,macrophage_monocyte,0.3932281886372072,0.3141881922920892,False
RAM2019_ENDO_7_SAENDO2,endothelial,RAM2019_MAC_SIG_B_SAM,macrophage_monocyte,0.6035216005065267,0.5141787398230327,True
RAM2019_ENDO_7_SAENDO2,endothelial,RAM2019_MAC_SIG_C_KC,macrophage_monocyte,0.2778078757741701,0.1995296896319208,False
RAM2019_ENDO_7_SAENDO2,endothelial,RAM2019_MAC_SIG_D_TMO,macrophage_monocyte,0.1073458510419713,-0.0377550642748715,False
RAM2019_ENDO_7_SAENDO2,endothelial,RAM2019_MAC_SIG_E_TMO,macrophage_monocyte,0.4245945966070751,0.3155006566570347,False
RAM2019_ENDO_7_SAENDO2,endothelial,RAM2019_MAC_SIG_F_CDC1,macrophage_monocyte,0.552647572912258,0.5031131928727897,True
RAM2019_ENDO_7_SAENDO2,endothelial,RAM2019_MES_HSC,mesenchymal_hsc_myofibroblast,0.0936444796722917,0.1100222477836353,False
RAM2019_ENDO_7_SAENDO2,endothelial,RAM2019_MES_MESOTHELIAL,mesenchymal_hsc_myofibroblast,0.6422618102189038,0.5733646237996041,True
RAM2019_ENDO_7_SAENDO2,endothelial,RAM2019_MES_SAMES,mesenchymal_hsc_myofibroblast,0.6207852112308153,0.5604923687919162,True
RAM2019_ENDO_7_SAENDO2,endothelial,RAM2019_MES_VSMC,mesenchymal_hsc_myofibroblast,0.3631782787203682,0.3414914608138205,False
RAM2019_ENDO_7_SAENDO2,endothelial,RAM2019_SAMES_A,mesenchymal_hsc_myofibroblast,0.2321387731726635,-0.1559424733366011,False
RAM2019_ENDO_7_SAENDO2,endothelial,RAM2019_SAMES_B,mesenchymal_hsc_myofibroblast,0.624504040898875,0.5684629636535959,True
RAM2019_MAC_SIG_A_SAM,macrophage_monocyte,RAM2019_MES_HSC,mesenchymal_hsc_myofibroblast,0.0379780078034907,-0.0105809265707509,False
RAM2019_MAC_SIG_A_SAM,macrophage_monocyte,RAM2019_MES_MESOTHELIAL,mesenchymal_hsc_myofibroblast,0.4717419755206962,0.3224187830944932,False
RAM2019_MAC_SIG_A_SAM,macrophage_monocyte,RAM2019_MES_SAMES,mesenchymal_hsc_myofibroblast,0.4308891875420306,0.4878071872585926,False
RAM2019_MAC_SIG_A_SAM,macrophage_monocyte,RAM2019_MES_VSMC,mesenchymal_hsc_myofibroblast,0.2014278837825222,0.2512066085277221,False
RAM2019_MAC_SIG_A_SAM,macrophage_monocyte,RAM2019_SAMES_A,mesenchymal_hsc_myofibroblast,0.0629007024039667,0.0029749874354315,False
RAM2019_MAC_SIG_A_SAM,macrophage_monocyte,RAM2019_SAMES_B,mesenchymal_hsc_myofibroblast,0.5804662079506466,0.4040487202936237,False
RAM2019_MAC_SIG_B_SAM,macrophage_monocyte,RAM2019_MES_HSC,mesenchymal_hsc_myofibroblast,0.2048424194534006,0.0949145015271947,False
RAM2019_MAC_SIG_B_SAM,macrophage_monocyte,RAM2019_MES_MESOTHELIAL,mesenchymal_hsc_myofibroblast,0.6669530875479638,0.6051267078622986,True
RAM2019_MAC_SIG_B_SAM,macrophage_monocyte,RAM2019_MES_SAMES,mesenchymal_hsc_myofibroblast,0.5650099578277568,0.5978582196541842,True
RAM2019_MAC_SIG_B_SAM,macrophage_monocyte,RAM2019_MES_VSMC,mesenchymal_hsc_myofibroblast,0.4337719522580159,0.429397594049363,False
RAM2019_MAC_SIG_B_SAM,macrophage_monocyte,RAM2019_SAMES_A,mesenchymal_hsc_myofibroblast,0.3248329958011245,0.2331622078992376,False
RAM2019_MAC_SIG_B_SAM,macrophage_monocyte,RAM2019_SAMES_B,mesenchymal_hsc_myofibroblast,0.492602702532535,0.4608361334070693,True
RAM2019_MAC_SIG_C_KC,macrophage_monocyte,RAM2019_MES_HSC,mesenchymal_hsc_myofibroblast,0.3240906380566418,0.2002560936130978,False
RAM2019_MAC_SIG_C_KC,macrophage_monocyte,RAM2019_MES_MESOTHELIAL,mesenchymal_hsc_myofibroblast,0.3646487935759397,0.1184734946295651,False
RAM2019_MAC_SIG_C_KC,macrophage_monocyte,RAM2019_MES_SAMES,mesenchymal_hsc_myofibroblast,0.3213583160487723,0.0692431226926267,False
RAM2019_MAC_SIG_C_KC,macrophage_monocyte,RAM2019_MES_VSMC,mesenchymal_hsc_myofibroblast,0.2589183574981009,0.1071553858542444,False
RAM2019_MAC_SIG_C_KC,macrophage_monocyte,RAM2019_SAMES_A,mesenchymal_hsc_myofibroblast,0.2048384933236706,0.0743352408813213,False
RAM2019_MAC_SIG_C_KC,macrophage_monocyte,RAM2019_SAMES_B,mesenchymal_hsc_myofibroblast,0.1720759361194984,0.0432116864761098,False
RAM2019_MAC_SIG_D_TMO,macrophage_monocyte,RAM2019_MES_HSC,mesenchymal_hsc_myofibroblast,-0.1107920881495622,0.0259673701456854,False
RAM2019_MAC_SIG_D_TMO,macrophage_monocyte,RAM2019_MES_MESOTHELIAL,mesenchymal_hsc_myofibroblast,0.4723191922517775,0.3619192103208072,False
RAM2019_MAC_SIG_D_TMO,macrophage_monocyte,RAM2019_MES_SAMES,mesenchymal_hsc_myofibroblast,0.3011148303803607,0.3304808558134993,False
RAM2019_MAC_SIG_D_TMO,macrophage_monocyte,RAM2019_MES_VSMC,mesenchymal_hsc_myofibroblast,0.2360388911073654,0.1082299706008532,False
RAM2019_MAC_SIG_D_TMO,macrophage_monocyte,RAM2019_SAMES_A,mesenchymal_hsc_myofibroblast,0.3108356320830296,0.4936625148100616,False
RAM2019_MAC_SIG_D_TMO,macrophage_monocyte,RAM2019_SAMES_B,mesenchymal_hsc_myofibroblast,0.2911102393977076,0.1660718268062041,False
RAM2019_MAC_SIG_E_TMO,macrophage_monocyte,RAM2019_MES_HSC,mesenchymal_hsc_myofibroblast,0.3091694976011175,0.0780959752188035,False
RAM2019_MAC_SIG_E_TMO,macrophage_monocyte,RAM2019_MES_MESOTHELIAL,mesenchymal_hsc_myofibroblast,0.5192086484546042,0.4966826852601023,True
RAM2019_MAC_SIG_E_TMO,macrophage_monocyte,RAM2019_MES_SAMES,mesenchymal_hsc_myofibroblast,0.4362744169674823,0.4314127315371688,True
RAM2019_MAC_SIG_E_TMO,macrophage_monocyte,RAM2019_MES_VSMC,mesenchymal_hsc_myofibroblast,0.4682531087958497,0.5391275716147752,True
RAM2019_MAC_SIG_E_TMO,macrophage_monocyte,RAM2019_SAMES_A,mesenchymal_hsc_myofibroblast,0.275040204681632,0.2191669243103179,False
RAM2019_MAC_SIG_E_TMO,macrophage_monocyte,RAM2019_SAMES_B,mesenchymal_hsc_myofibroblast,0.4325279835313415,0.5080206618240156,True
RAM2019_MAC_SIG_F_CDC1,macrophage_monocyte,RAM2019_MES_HSC,mesenchymal_hsc_myofibroblast,0.3241674733506026,0.2851048750834528,False
RAM2019_MAC_SIG_F_CDC1,macrophage_monocyte,RAM2019_MES_MESOTHELIAL,mesenchymal_hsc_myofibroblast,0.5618359117245294,0.3260534706751342,False
RAM2019_MAC_SIG_F_CDC1,macrophage_monocyte,RAM2019_MES_SAMES,mesenchymal_hsc_myofibroblast,0.563604080073334,0.3271372517545151,False
RAM2019_MAC_SIG_F_CDC1,macrophage_monocyte,RAM2019_MES_VSMC,mesenchymal_hsc_myofibroblast,0.4048061616237229,0.1409457728287026,False
RAM2019_MAC_SIG_F_CDC1,macrophage_monocyte,RAM2019_SAMES_A,mesenchymal_hsc_myofibroblast,0.2794514619385387,0.00030972658065,False
RAM2019_MAC_SIG_F_CDC1,macrophage_monocyte,RAM2019_SAMES_B,mesenchymal_hsc_myofibroblast,0.4241024425083031,0.3531141095183062,False
