program_left,lineage_left,program_right,lineage_right,score_method,cohorts,meta_spearman_rho,meta_z_se,meta_p_two_sided,same_sign_two_cohorts,minimum_absolute_cohort_rho,meta_fdr_within_method
RAM2019_ENDO_1,endothelial,RAM2019_MAC_SIG_A_SAM,macrophage_monocyte,singscore,GSE244832;GSE256398,-0.2132624853381933,0.1690308509457033,0.2000725743389176,True,0.0921739130434782,0.3381508298685932
RAM2019_ENDO_1,endothelial,RAM2019_MAC_SIG_A_SAM,macrophage_monocyte,standardized_mean,GSE244832;GSE256398,-0.2137543943857381,0.1690308509457033,0.1990041316766042,True,0.0834782608695652,0.3851692871160082
RAM2019_ENDO_1,endothelial,RAM2019_MAC_SIG_B_SAM,macrophage_monocyte,singscore,GSE244832;GSE256398,0.2523606171788208,0.1690308509457033,0.1270226590578335,False,0.1789215686274509,0.262805501498966
RAM2019_ENDO_1,endothelial,RAM2019_MAC_SIG_B_SAM,macrophage_monocyte,standardized_mean,GSE244832;GSE256398,0.3453148277512183,0.1690308509457033,0.0331331822539351,False,0.0931372549019607,0.116940643249183
RAM2019_ENDO_1,endothelial,RAM2019_MAC_SIG_C_KC,macrophage_monocyte,singscore,GSE244832;GSE256398,0.5627338756672258,0.1690308509457033,0.0001648854644325,True,0.1274509803921568,0.0020410876542926
RAM2019_ENDO_1,endothelial,RAM2019_MAC_SIG_C_KC,macrophage_monocyte,standardized_mean,GSE244832;GSE256398,0.5228220765844137,0.1690308509457033,0.0005978201296047,True,0.2892156862745098,0.0102483450789381
RAM2019_ENDO_1,endothelial,RAM2019_MAC_SIG_D_TMO,macrophage_monocyte,singscore,GSE244832;GSE256398,0.2460239013844038,0.1690308509457033,0.137284970013185,True,0.1582608695652173,0.27456994002637
RAM2019_ENDO_1,endothelial,RAM2019_MAC_SIG_D_TMO,macrophage_monocyte,standardized_mean,GSE244832;GSE256398,0.3178488774831552,0.1690308509457033,0.0514288987453976,True,0.1930434782608695,0.1496473440858181
RAM2019_ENDO_1,endothelial,RAM2019_MAC_SIG_E_TMO,macrophage_monocyte,singscore,GSE244832;GSE256398,0.2939811333852989,0.1690308509457033,0.0731185793135625,True,0.2622549019607843,0.1790659085230102
RAM2019_ENDO_1,endothelial,RAM2019_MAC_SIG_E_TMO,macrophage_monocyte,standardized_mean,GSE244832;GSE256398,0.2906310621632954,0.1690308509457033,0.0766573875160425,True,0.1544117647058823,0.1998808577889772
RAM2019_ENDO_1,endothelial,RAM2019_MAC_SIG_F_CDC1,macrophage_monocyte,singscore,GSE244832;GSE256398,0.0263116799816718,0.1690308509457033,0.8762711251391755,False,0.2026086956521739,0.9052611494285262
RAM2019_ENDO_1,endothelial,RAM2019_MAC_SIG_F_CDC1,macrophage_monocyte,standardized_mean,GSE244832;GSE256398,-0.0693896464713698,0.1690308509457033,0.6809438810090297,False,0.1165217391304347,0.7864415120069184
RAM2019_ENDO_1,endothelial,RAM2019_MES_HSC,mesenchymal_hsc_myofibroblast,singscore,GSE244832;GSE256398,0.1180759411684781,0.1643989873053573,0.4705441657354136,False,0.0567595459236326,0.6416511350937458
RAM2019_ENDO_1,endothelial,RAM2019_MES_HSC,mesenchymal_hsc_myofibroblast,standardized_mean,GSE244832;GSE256398,0.141946033311334,0.1643989873053573,0.3846862930762915,True,0.0892307692307692,0.5879435115813438
RAM2019_ENDO_1,endothelial,RAM2019_MES_MESOTHELIAL,mesenchymal_hsc_myofibroblast,singscore,GSE244832;GSE256398,0.2233051881356629,0.1643989873053573,0.1670974806883235,True,0.0712074303405572,0.3016438964867904
RAM2019_ENDO_1,endothelial,RAM2019_MES_MESOTHELIAL,mesenchymal_hsc_myofibroblast,standardized_mean,GSE244832;GSE256398,0.2334594797997287,0.1643989873053573,0.1479652039800486,True,0.0196078431372549,0.3170682942429613
RAM2019_ENDO_1,endothelial,RAM2019_MES_SAMES,mesenchymal_hsc_myofibroblast,singscore,GSE244832;GSE256398,0.306076339307745,0.1643989873053573,0.0544257197185905,True,0.2915384615384616,0.149273212678908
RAM2019_ENDO_1,endothelial,RAM2019_MES_SAMES,mesenchymal_hsc_myofibroblast,standardized_mean,GSE244832;GSE256398,0.2413129545527683,0.1643989873053573,0.1342943665929992,True,0.1496388028895769,0.2984319257622204
RAM2019_ENDO_1,endothelial,RAM2019_MES_VSMC,mesenchymal_hsc_myofibroblast,singscore,GSE244832;GSE256398,-0.0929023175457286,0.1643989873053573,0.5708928937568255,True,0.0538461538461538,0.7062592500084439
RAM2019_ENDO_1,endothelial,RAM2019_MES_VSMC,mesenchymal_hsc_myofibroblast,standardized_mean,GSE244832;GSE256398,-0.0204855851389707,0.1643989873053573,0.9008193388902916,False,0.0453846153846153,0.952108744180956
RAM2019_ENDO_1,endothelial,RAM2019_SAMES_A,mesenchymal_hsc_myofibroblast,singscore,GSE244832;GSE256398,0.4057148898491464,0.1643989873053573,0.0088329427049712,True,0.3184615384615384,0.0365501077447086
RAM2019_ENDO_1,endothelial,RAM2019_SAMES_A,mesenchymal_hsc_myofibroblast,standardized_mean,GSE244832;GSE256398,0.4163567308541816,0.1643989873053573,0.0070104733819526,True,0.173076923076923,0.0382389457197416
RAM2019_ENDO_1,endothelial,RAM2019_SAMES_B,mesenchymal_hsc_myofibroblast,singscore,GSE244832;GSE256398,0.2185963343450076,0.1643989873053573,0.1765425311855728,False,0.0505675954592363,0.3108601728773302
RAM2019_ENDO_1,endothelial,RAM2019_SAMES_B,mesenchymal_hsc_myofibroblast,standardized_mean,GSE244832;GSE256398,0.1655943952010354,0.1643989873053573,0.3093281157557566,False,0.0072239422084623,0.5056944146826294
RAM2019_ENDO_2,endothelial,RAM2019_MAC_SIG_A_SAM,macrophage_monocyte,singscore,GSE244832;GSE256398,0.5177317952762328,0.1690308509457033,0.000695595029597,True,0.4721739130434783,0.0059622431108317
RAM2019_ENDO_2,endothelial,RAM2019_MAC_SIG_A_SAM,macrophage_monocyte,standardized_mean,GSE244832;GSE256398,0.3135900999711639,0.1690308509457033,0.0548706928314666,True,0.303921568627451,0.1496473440858181
RAM2019_ENDO_2,endothelial,RAM2019_MAC_SIG_B_SAM,macrophage_monocyte,singscore,GSE244832;GSE256398,0.3191474913452438,0.1690308509457033,0.0504140999221755,True,0.1765217391304347,0.1440402854919301
RAM2019_ENDO_2,endothelial,RAM2019_MAC_SIG_B_SAM,macrophage_monocyte,standardized_mean,GSE244832;GSE256398,0.216212052399775,0.1690308509457033,0.1937249783137411,True,0.1695652173913043,0.3810983179942449
RAM2019_ENDO_2,endothelial,RAM2019_MAC_SIG_C_KC,macrophage_monocyte,singscore,GSE244832;GSE256398,0.0929564428591034,0.1690308509457033,0.5812704200370531,True,0.0895652173913043,0.710611442969862
RAM2019_ENDO_2,endothelial,RAM2019_MAC_SIG_C_KC,macrophage_monocyte,standardized_mean,GSE244832;GSE256398,-0.1909791157462624,0.1690308509457033,0.2526681516346996,True,0.1495098039215686,0.4583782814330876
RAM2019_ENDO_2,endothelial,RAM2019_MAC_SIG_D_TMO,macrophage_monocyte,singscore,GSE244832;GSE256398,0.0249499500037096,0.1690308509457033,0.882629620692813,False,0.1443478260869565,0.9052611494285262
RAM2019_ENDO_2,endothelial,RAM2019_MAC_SIG_D_TMO,macrophage_monocyte,standardized_mean,GSE244832;GSE256398,-0.0923673067724175,0.1690308509457033,0.5836820017261792,False,0.0547826086956521,0.729602502157724
RAM2019_ENDO_2,endothelial,RAM2019_MAC_SIG_E_TMO,macrophage_monocyte,singscore,GSE244832;GSE256398,0.2696187381051051,0.1690308509457033,0.1019409658941541,True,0.2230392156862745,0.2184449269160447
RAM2019_ENDO_2,endothelial,RAM2019_MAC_SIG_E_TMO,macrophage_monocyte,standardized_mean,GSE244832;GSE256398,0.3138504997427413,0.1690308509457033,0.0546551710859848,True,0.1911764705882353,0.1496473440858181
RAM2019_ENDO_2,endothelial,RAM2019_MAC_SIG_F_CDC1,macrophage_monocyte,singscore,GSE244832;GSE256398,0.3659191711876854,0.1690308509457033,0.0232064404104202,True,0.2417391304347826,0.0813868944067943
RAM2019_ENDO_2,endothelial,RAM2019_MAC_SIG_F_CDC1,macrophage_monocyte,standardized_mean,GSE244832;GSE256398,0.1298622962091273,0.1690308509457033,0.4397362181014687,True,0.0782608695652173,0.6281945972878125
RAM2019_ENDO_2,endothelial,RAM2019_MES_HSC,mesenchymal_hsc_myofibroblast,singscore,GSE244832;GSE256398,0.0865558365392934,0.1643989873053573,0.5976247126182834,False,0.131062951496388,0.7171496551419401
RAM2019_ENDO_2,endothelial,RAM2019_MES_HSC,mesenchymal_hsc_myofibroblast,standardized_mean,GSE244832;GSE256398,-0.0853262452452281,0.1643989873053573,0.6028653647054187,False,0.2007692307692307,0.7458128223159819
RAM2019_ENDO_2,endothelial,RAM2019_MES_MESOTHELIAL,mesenchymal_hsc_myofibroblast,singscore,GSE244832;GSE256398,0.2342327013331675,0.1643989873053573,0.1465762358503096,True,0.2074303405572755,0.2865446782255094
RAM2019_ENDO_2,endothelial,RAM2019_MES_MESOTHELIAL,mesenchymal_hsc_myofibroblast,standardized_mean,GSE244832;GSE256398,0.1860501589684789,0.1643989873053573,0.2521947365221582,True,0.1620227038183694,0.4583782814330876
RAM2019_ENDO_2,endothelial,RAM2019_MES_SAMES,mesenchymal_hsc_myofibroblast,singscore,GSE244832;GSE256398,0.1065587624485786,0.1643989873053573,0.5152777549311025,False,0.0794633642930856,0.661622236198727
RAM2019_ENDO_2,endothelial,RAM2019_MES_SAMES,mesenchymal_hsc_myofibroblast,standardized_mean,GSE244832;GSE256398,0.3182637976869695,0.1643989873053573,0.0449019153357394,True,0.2487100103199174,0.1429921659725051
RAM2019_ENDO_2,endothelial,RAM2019_MES_VSMC,mesenchymal_hsc_myofibroblast,singscore,GSE244832;GSE256398,0.4158322262039075,0.1643989873053573,0.0070921115942171,True,0.2445820433436532,0.0329059413286893
RAM2019_ENDO_2,endothelial,RAM2019_MES_VSMC,mesenchymal_hsc_myofibroblast,standardized_mean,GSE244832;GSE256398,0.4638727107536115,0.1643989873053573,0.0022508033481366,True,0.2466460268317853,0.0158880236339055
RAM2019_ENDO_2,endothelial,RAM2019_SAMES_A,mesenchymal_hsc_myofibroblast,singscore,GSE244832;GSE256398,-0.2095031198843306,0.1643989873053573,0.1958350099861808,True,0.1223076923076923,0.33571715997631
RAM2019_ENDO_2,endothelial,RAM2019_SAMES_A,mesenchymal_hsc_myofibroblast,standardized_mean,GSE244832;GSE256398,-0.0904131589002049,0.1643989873053573,0.5813130823216617,False,0.0192307692307692,0.729602502157724
RAM2019_ENDO_2,endothelial,RAM2019_SAMES_B,mesenchymal_hsc_myofibroblast,singscore,GSE244832;GSE256398,0.3057116827131474,0.1643989873053573,0.0547335113155996,True,0.1351909184726522,0.149273212678908
RAM2019_ENDO_2,endothelial,RAM2019_SAMES_B,mesenchymal_hsc_myofibroblast,standardized_mean,GSE244832;GSE256398,0.2819478647023131,0.1643989873053573,0.0779400149713596,True,0.1682146542827657,0.1998808577889772
RAM2019_ENDO_3,endothelial,RAM2019_MAC_SIG_A_SAM,macrophage_monocyte,singscore,GSE244832;GSE256398,0.1778121475553976,0.1690308509457033,0.2876674133225154,True,0.1666666666666666,0.4261739456629858
RAM2019_ENDO_3,endothelial,RAM2019_MAC_SIG_A_SAM,macrophage_monocyte,standardized_mean,GSE244832;GSE256398,-0.0277016629093515,0.1690308509457033,0.8697884636225488,False,0.1372549019607843,0.952108744180956
RAM2019_ENDO_3,endothelial,RAM2019_MAC_SIG_B_SAM,macrophage_monocyte,singscore,GSE244832;GSE256398,0.2286903506331007,0.1690308509457033,0.1684178422051246,False,0.0495652173913043,0.3016438964867904
RAM2019_ENDO_3,endothelial,RAM2019_MAC_SIG_B_SAM,macrophage_monocyte,standardized_mean,GSE244832;GSE256398,0.1788531423187812,0.1690308509457033,0.2847933142394274,False,0.0669565217391304,0.4813408127990322
RAM2019_ENDO_3,endothelial,RAM2019_MAC_SIG_C_KC,macrophage_monocyte,singscore,GSE244832;GSE256398,0.0567963937879871,0.1690308509457033,0.736588850440989,True,0.0521739130434782,0.8260809537655952
RAM2019_ENDO_3,endothelial,RAM2019_MAC_SIG_C_KC,macrophage_monocyte,standardized_mean,GSE244832;GSE256398,0.1451713793634489,0.1690308509457033,0.3870628117910514,True,0.1029411764705882,0.5879435115813438
RAM2019_ENDO_3,endothelial,RAM2019_MAC_SIG_D_TMO,macrophage_monocyte,singscore,GSE244832;GSE256398,-0.0375993838850938,0.1690308509457033,0.8238889720527747,True,0.0365217391304347,0.8846198851152486
RAM2019_ENDO_3,endothelial,RAM2019_MAC_SIG_D_TMO,macrophage_monocyte,standardized_mean,GSE244832;GSE256398,0.1525633757857517,0.1690308509457033,0.3629917044021532,True,0.0452173913043478,0.5657013575098492
RAM2019_ENDO_3,endothelial,RAM2019_MAC_SIG_E_TMO,macrophage_monocyte,singscore,GSE244832;GSE256398,-0.0298112840675551,0.1690308509457033,0.8599654002471053,False,0.1539130434782608,0.8992116431980668
RAM2019_ENDO_3,endothelial,RAM2019_MAC_SIG_E_TMO,macrophage_monocyte,standardized_mean,GSE244832;GSE256398,0.0218149621288728,0.1690308509457033,0.8972947152168101,False,0.3321739130434782,0.952108744180956
RAM2019_ENDO_3,endothelial,RAM2019_MAC_SIG_F_CDC1,macrophage_monocyte,singscore,GSE244832;GSE256398,0.0167678220028097,0.1690308509457033,0.9209722725188222,False,0.097391304347826,0.9365819720530396
RAM2019_ENDO_3,endothelial,RAM2019_MAC_SIG_F_CDC1,macrophage_monocyte,standardized_mean,GSE244832;GSE256398,-0.0955916182967438,0.1690308509457033,0.5705377540281406,False,0.267156862745098,0.729602502157724
RAM2019_ENDO_3,endothelial,RAM2019_MES_HSC,mesenchymal_hsc_myofibroblast,singscore,GSE244832;GSE256398,-0.2421480566559146,0.1643989873053573,0.1328970385389004,True,0.0961538461538461,0.2702990614350516
RAM2019_ENDO_3,endothelial,RAM2019_MES_HSC,mesenchymal_hsc_myofibroblast,standardized_mean,GSE244832;GSE256398,-0.3555086606336531,0.1643989873053573,0.0237482505985731,True,0.2538461538461539,0.1017782168510276
RAM2019_ENDO_3,endothelial,RAM2019_MES_MESOTHELIAL,mesenchymal_hsc_myofibroblast,singscore,GSE244832;GSE256398,0.2320969204498367,0.1643989873053573,0.1504359560683924,True,0.13,0.2865446782255094
RAM2019_ENDO_3,endothelial,RAM2019_MES_MESOTHELIAL,mesenchymal_hsc_myofibroblast,standardized_mean,GSE244832;GSE256398,0.0756237358409199,0.1643989873053573,0.6448838720565034,False,0.1369230769230769,0.766198659869113
RAM2019_ENDO_3,endothelial,RAM2019_MES_SAMES,mesenchymal_hsc_myofibroblast,singscore,GSE244832;GSE256398,0.0601338833971588,0.1643989873053573,0.7141994353762675,False,0.0340557275541795,0.8085276626901142
RAM2019_ENDO_3,endothelial,RAM2019_MES_SAMES,mesenchymal_hsc_myofibroblast,standardized_mean,GSE244832;GSE256398,0.0607915376760041,0.1643989873053573,0.7112058939335679,False,0.1253846153846153,0.8128067359240776
RAM2019_ENDO_3,endothelial,RAM2019_MES_VSMC,mesenchymal_hsc_myofibroblast,singscore,GSE244832;GSE256398,0.0698358518637035,0.1643989873053573,0.6704813230223662,False,0.06,0.7811432889580965
RAM2019_ENDO_3,endothelial,RAM2019_MES_VSMC,mesenchymal_hsc_myofibroblast,standardized_mean,GSE244832;GSE256398,-0.0930385493475326,0.1643989873053573,0.5703250341795288,False,0.067079463364293,0.729602502157724
RAM2019_ENDO_3,endothelial,RAM2019_SAMES_A,mesenchymal_hsc_myofibroblast,singscore,GSE244832;GSE256398,-0.2979012540987936,0.1643989873053573,0.0616624531218604,True,0.2307692307692307,0.157436050523899
RAM2019_ENDO_3,endothelial,RAM2019_SAMES_A,mesenchymal_hsc_myofibroblast,standardized_mean,GSE244832;GSE256398,0.107479700048003,0.1643989873053573,0.5116256334195285,False,0.0030959752321981,0.697671318299357
RAM2019_ENDO_3,endothelial,RAM2019_SAMES_B,mesenchymal_hsc_myofibroblast,singscore,GSE244832;GSE256398,0.2809932986224338,0.1643989873053573,0.0790099465190698,True,0.2169230769230769,0.1859057565154584
RAM2019_ENDO_3,endothelial,RAM2019_SAMES_B,mesenchymal_hsc_myofibroblast,standardized_mean,GSE244832;GSE256398,0.0197211375672898,0.1643989873053573,0.9045033069719082,False,0.2592307692307692,0.952108744180956
RAM2019_ENDO_4,endothelial,RAM2019_MAC_SIG_A_SAM,macrophage_monocyte,singscore,GSE244832;GSE256398,-0.1081287705429542,0.1690308509457033,0.520737391486418,True,0.0024509803921568,0.661622236198727
RAM2019_ENDO_4,endothelial,RAM2019_MAC_SIG_A_SAM,macrophage_monocyte,standardized_mean,GSE244832;GSE256398,0.0149597920947608,0.1690308509457033,0.929471394963778,True,0.0069565217391304,0.9615221327211496
RAM2019_ENDO_4,endothelial,RAM2019_MAC_SIG_B_SAM,macrophage_monocyte,singscore,GSE244832;GSE256398,0.1090468025227374,0.1690308509457033,0.5171757002745762,True,0.0226086956521739,0.661622236198727
RAM2019_ENDO_4,endothelial,RAM2019_MAC_SIG_B_SAM,macrophage_monocyte,standardized_mean,GSE244832;GSE256398,0.2860166332967693,0.1690308509457033,0.081745948239856,True,0.2182608695652173,0.202729744907046
RAM2019_ENDO_4,endothelial,RAM2019_MAC_SIG_C_KC,macrophage_monocyte,singscore,GSE244832;GSE256398,0.406937138603964,0.1690308509457033,0.0106077456834121,True,0.3434782608695652,0.0424309827336485
RAM2019_ENDO_4,endothelial,RAM2019_MAC_SIG_C_KC,macrophage_monocyte,standardized_mean,GSE244832;GSE256398,0.3661387620391528,0.1690308509457033,0.0231155824404669,True,0.2547826086956521,0.1017782168510276
RAM2019_ENDO_4,endothelial,RAM2019_MAC_SIG_D_TMO,macrophage_monocyte,singscore,GSE244832;GSE256398,-0.0487488503037323,0.1690308509457033,0.7728638682201054,False,0.1985294117647059,0.8508593044625015
RAM2019_ENDO_4,endothelial,RAM2019_MAC_SIG_D_TMO,macrophage_monocyte,standardized_mean,GSE244832;GSE256398,0.2776409891306076,0.1690308509457033,0.0916384356363688,True,0.1460869565217391,0.2199322455272851
RAM2019_ENDO_4,endothelial,RAM2019_MAC_SIG_E_TMO,macrophage_monocyte,singscore,GSE244832;GSE256398,0.0917400515509703,0.1690308509457033,0.5862544404501362,False,0.0739130434782608,0.710611442969862
RAM2019_ENDO_4,endothelial,RAM2019_MAC_SIG_E_TMO,macrophage_monocyte,standardized_mean,GSE244832;GSE256398,0.2446081017470693,0.1690308509457033,0.139658064709917,True,0.1704347826086956,0.3047085048216371
RAM2019_ENDO_4,endothelial,RAM2019_MAC_SIG_F_CDC1,macrophage_monocyte,singscore,GSE244832;GSE256398,0.0329480605885524,0.1690308509457033,0.8453976950798382,False,0.12,0.8977674638015981
RAM2019_ENDO_4,endothelial,RAM2019_MAC_SIG_F_CDC1,macrophage_monocyte,standardized_mean,GSE244832;GSE256398,-0.0851877625624019,0.1690308509457033,0.6134169306202609,False,0.1862745098039215,0.7511227721880747
RAM2019_ENDO_4,endothelial,RAM2019_MES_HSC,mesenchymal_hsc_myofibroblast,singscore,GSE244832;GSE256398,-0.1349850886334617,0.1643989873053573,0.4087334980278463,False,0.0,0.5637703421073742
RAM2019_ENDO_4,endothelial,RAM2019_MES_HSC,mesenchymal_hsc_myofibroblast,standardized_mean,GSE244832;GSE256398,-0.0806674301735463,0.1643989873053573,0.6228965665992721,False,0.0507692307692307,0.755026141332451
RAM2019_ENDO_4,endothelial,RAM2019_MES_MESOTHELIAL,mesenchymal_hsc_myofibroblast,singscore,GSE244832;GSE256398,0.0286229090982276,0.1643989873053573,0.8617444913981473,False,0.1392307692307692,0.8992116431980668
RAM2019_ENDO_4,endothelial,RAM2019_MES_MESOTHELIAL,mesenchymal_hsc_myofibroblast,standardized_mean,GSE244832;GSE256398,0.2478981008358561,0.1643989873053573,0.1235639151072278,True,0.1046153846153846,0.2907386237817126
RAM2019_ENDO_4,endothelial,RAM2019_MES_SAMES,mesenchymal_hsc_myofibroblast,singscore,GSE244832;GSE256398,-0.0822608844492981,0.1643989873053573,0.6160145767257309,False,0.0773993808049535,0.7318985070008684
RAM2019_ENDO_4,endothelial,RAM2019_MES_SAMES,mesenchymal_hsc_myofibroblast,standardized_mean,GSE244832;GSE256398,0.2303795642024965,0.1643989873053573,0.1535923198254175,True,0.1553846153846153,0.323352252264037
RAM2019_ENDO_4,endothelial,RAM2019_MES_VSMC,mesenchymal_hsc_myofibroblast,singscore,GSE244832;GSE256398,-0.0780135963644101,0.1643989873053573,0.6344274902681637,False,0.1867905056759546,0.7463852826684279
RAM2019_ENDO_4,endothelial,RAM2019_MES_VSMC,mesenchymal_hsc_myofibroblast,standardized_mean,GSE244832;GSE256398,0.0473263782678841,0.1643989873053573,0.773277589977135,False,0.0623076923076923,0.8754085924269452
RAM2019_ENDO_4,endothelial,RAM2019_SAMES_A,mesenchymal_hsc_myofibroblast,singscore,GSE244832;GSE256398,-0.1751302659158124,0.1643989873053573,0.2817610886193178,True,0.0340557275541795,0.4258717748474653
RAM2019_ENDO_4,endothelial,RAM2019_SAMES_A,mesenchymal_hsc_myofibroblast,standardized_mean,GSE244832;GSE256398,0.1779736949096693,0.1643989873053573,0.2738567441998221,True,0.1676923076923077,0.475873111082144
RAM2019_ENDO_4,endothelial,RAM2019_SAMES_B,mesenchymal_hsc_myofibroblast,singscore,GSE244832;GSE256398,0.0513892684449058,0.1643989873053573,0.7543837456214868,False,0.0746153846153846,0.838204161801652
RAM2019_ENDO_4,endothelial,RAM2019_SAMES_B,mesenchymal_hsc_myofibroblast,standardized_mean,GSE244832;GSE256398,0.1766232769709741,0.1643989873053573,0.2775926481312506,True,0.0653846153846153,0.475873111082144
RAM2019_ENDO_5,endothelial,RAM2019_MAC_SIG_A_SAM,macrophage_monocyte,singscore,GSE244832;GSE256398,0.4184096666124326,0.1690308509457033,0.0083601589550067,True,0.2598039215686274,0.0358292526643144
RAM2019_ENDO_5,endothelial,RAM2019_MAC_SIG_A_SAM,macrophage_monocyte,standardized_mean,GSE244832;GSE256398,0.4099401192582166,0.1690308509457033,0.0099752832590032,True,0.3014705882352941,0.0520449561339299
RAM2019_ENDO_5,endothelial,RAM2019_MAC_SIG_B_SAM,macrophage_monocyte,singscore,GSE244832;GSE256398,0.2728324491111722,0.1690308509457033,0.0977141078079852,True,0.0913043478260869,0.2131944170356041
RAM2019_ENDO_5,endothelial,RAM2019_MAC_SIG_B_SAM,macrophage_monocyte,standardized_mean,GSE244832;GSE256398,0.3661832058691932,0.1690308509457033,0.0230972289364515,True,0.2043478260869564,0.1017782168510276
RAM2019_ENDO_5,endothelial,RAM2019_MAC_SIG_C_KC,macrophage_monocyte,singscore,GSE244832;GSE256398,0.1126463922547533,0.1690308509457033,0.5033261278659386,True,0.0252173913043478,0.661622236198727
RAM2019_ENDO_5,endothelial,RAM2019_MAC_SIG_C_KC,macrophage_monocyte,standardized_mean,GSE244832;GSE256398,-0.021576832871583,0.1690308509457033,0.8984100690834479,False,0.1339130434782608,0.952108744180956
RAM2019_ENDO_5,endothelial,RAM2019_MAC_SIG_D_TMO,macrophage_monocyte,singscore,GSE244832;GSE256398,0.1792770969114022,0.1690308509457033,0.2836280821587276,True,0.1102941176470588,0.4258717748474653
RAM2019_ENDO_5,endothelial,RAM2019_MAC_SIG_D_TMO,macrophage_monocyte,standardized_mean,GSE244832;GSE256398,-0.0017710478256052,0.1690308509457033,0.9916401808830432,False,0.1104347826086956,0.9985379833030468
RAM2019_ENDO_5,endothelial,RAM2019_MAC_SIG_E_TMO,macrophage_monocyte,singscore,GSE244832;GSE256398,0.1948913980747746,0.1690308509457033,0.2428338098772091,True,0.1591304347826087,0.3784423011073389
RAM2019_ENDO_5,endothelial,RAM2019_MAC_SIG_E_TMO,macrophage_monocyte,standardized_mean,GSE244832;GSE256398,0.3529158614930105,0.1690308509457033,0.0291334516752036,True,0.3014705882352941,0.1125201602098375
RAM2019_ENDO_5,endothelial,RAM2019_MAC_SIG_F_CDC1,macrophage_monocyte,singscore,GSE244832;GSE256398,0.1791727785077219,0.1690308509457033,0.2839145165649769,False,0.0139130434782608,0.4258717748474653
RAM2019_ENDO_5,endothelial,RAM2019_MAC_SIG_F_CDC1,macrophage_monocyte,standardized_mean,GSE244832;GSE256398,0.1835377325041587,0.1690308509457033,0.2720871417938487,False,0.0269565217391304,0.475873111082144
RAM2019_ENDO_5,endothelial,RAM2019_MES_HSC,mesenchymal_hsc_myofibroblast,singscore,GSE244832;GSE256398,0.0082719971371055,0.1643989873053573,0.959869185656905,False,0.2376923076923077,0.9679353132674672
RAM2019_ENDO_5,endothelial,RAM2019_MES_HSC,mesenchymal_hsc_myofibroblast,standardized_mean,GSE244832;GSE256398,-0.0967727502791585,0.1643989873053573,0.5548597733690921,False,0.2738461538461538,0.729602502157724
RAM2019_ENDO_5,endothelial,RAM2019_MES_MESOTHELIAL,mesenchymal_hsc_myofibroblast,singscore,GSE244832;GSE256398,0.3513935856863142,0.1643989873053573,0.0255771040572971,True,0.2584615384615384,0.0852570135243239
RAM2019_ENDO_5,endothelial,RAM2019_MES_MESOTHELIAL,mesenchymal_hsc_myofibroblast,standardized_mean,GSE244832;GSE256398,0.3867634930337656,0.1643989873053573,0.0130758118228491,True,0.2823076923076923,0.0627638967496758
RAM2019_ENDO_5,endothelial,RAM2019_MES_SAMES,mesenchymal_hsc_myofibroblast,singscore,GSE244832;GSE256398,0.1050841480337691,0.1643989873053573,0.5211521150123148,False,0.1496388028895769,0.661622236198727
RAM2019_ENDO_5,endothelial,RAM2019_MES_SAMES,mesenchymal_hsc_myofibroblast,standardized_mean,GSE244832;GSE256398,0.2816374878540165,0.1643989873053573,0.0782866693006827,True,0.1661506707946336,0.1998808577889772
RAM2019_ENDO_5,endothelial,RAM2019_MES_VSMC,mesenchymal_hsc_myofibroblast,singscore,GSE244832;GSE256398,0.4163516884614412,0.1643989873053573,0.0070112543909917,True,0.2807692307692307,0.0329059413286893
RAM2019_ENDO_5,endothelial,RAM2019_MES_VSMC,mesenchymal_hsc_myofibroblast,standardized_mean,GSE244832;GSE256398,0.5023731101020892,0.1643989873053573,0.0007778008645267,True,0.4757481940144479,0.0103706781936893
RAM2019_ENDO_5,endothelial,RAM2019_SAMES_A,mesenchymal_hsc_myofibroblast,singscore,GSE244832;GSE256398,-0.2175242181091558,0.1643989873053573,0.1787445994044648,False,0.0438461538461538,0.3108601728773302
RAM2019_ENDO_5,endothelial,RAM2019_SAMES_A,mesenchymal_hsc_myofibroblast,standardized_mean,GSE244832;GSE256398,-0.1647509476251597,0.1643989873053573,0.3118448890542882,False,0.143076923076923,0.5056944146826294
RAM2019_ENDO_5,endothelial,RAM2019_SAMES_B,mesenchymal_hsc_myofibroblast,singscore,GSE244832;GSE256398,0.4168172782281161,0.1643989873053573,0.0069394518721319,True,0.3436532507739938,0.0329059413286893
RAM2019_ENDO_5,endothelial,RAM2019_SAMES_B,mesenchymal_hsc_myofibroblast,standardized_mean,GSE244832;GSE256398,0.4326299534296587,0.1643989873053573,0.0048460050910268,True,0.3725490196078431,0.0306063479433274
RAM2019_ENDO_6_SAENDO1,endothelial,RAM2019_MAC_SIG_A_SAM,macrophage_monocyte,singscore,GSE244832;GSE256398,0.5281458045742423,0.1690308509457033,0.0005087396743275,True,0.5220588235294118,0.0050873967432754
RAM2019_ENDO_6_SAENDO1,endothelial,RAM2019_MAC_SIG_A_SAM,macrophage_monocyte,standardized_mean,GSE244832;GSE256398,0.493368551761196,0.1690308509457033,0.0013854834354357,True,0.4558823529411765,0.0118755723037351
RAM2019_ENDO_6_SAENDO1,endothelial,RAM2019_MAC_SIG_B_SAM,macrophage_monocyte,singscore,GSE244832;GSE256398,0.1731623305496632,0.1690308509457033,0.3007297267219315,False,0.057391304347826,0.4392788017613529
RAM2019_ENDO_6_SAENDO1,endothelial,RAM2019_MAC_SIG_B_SAM,macrophage_monocyte,standardized_mean,GSE244832;GSE256398,0.175175412162427,0.1690308509457033,0.2950295173542433,True,0.0747826086956521,0.4917158622570722
RAM2019_ENDO_6_SAENDO1,endothelial,RAM2019_MAC_SIG_C_KC,macrophage_monocyte,singscore,GSE244832;GSE256398,-0.0050499520818867,0.1690308509457033,0.9761658082483354,False,0.1382608695652173,0.9761658082483354
RAM2019_ENDO_6_SAENDO1,endothelial,RAM2019_MAC_SIG_C_KC,macrophage_monocyte,standardized_mean,GSE244832;GSE256398,-0.1176342732294693,0.1690308509457033,0.4844453382878985,True,0.0678260869565217,0.6759702394714863
RAM2019_ENDO_6_SAENDO1,endothelial,RAM2019_MAC_SIG_D_TMO,macrophage_monocyte,singscore,GSE244832;GSE256398,0.1651412206262892,0.1690308509457033,0.3241241772029301,True,0.0147058823529411,0.4630345388613286
RAM2019_ENDO_6_SAENDO1,endothelial,RAM2019_MAC_SIG_D_TMO,macrophage_monocyte,standardized_mean,GSE244832;GSE256398,-0.143496696069599,0.1690308509457033,0.3926409038288267,True,0.068695652173913,0.5889613557432402
RAM2019_ENDO_6_SAENDO1,endothelial,RAM2019_MAC_SIG_E_TMO,macrophage_monocyte,singscore,GSE244832;GSE256398,0.2004444420517427,0.1690308509457033,0.2293166011186832,True,0.0869565217391304,0.3661158564006537
RAM2019_ENDO_6_SAENDO1,endothelial,RAM2019_MAC_SIG_E_TMO,macrophage_monocyte,standardized_mean,GSE244832;GSE256398,0.2270872362155103,0.1690308509457033,0.1715307484009086,True,0.0612745098039215,0.3488760984425261
RAM2019_ENDO_6_SAENDO1,endothelial,RAM2019_MAC_SIG_F_CDC1,macrophage_monocyte,singscore,GSE244832;GSE256398,0.1622777402473414,0.1690308509457033,0.3327392662975966,False,0.0408695652173912,0.4697495524201364
RAM2019_ENDO_6_SAENDO1,endothelial,RAM2019_MAC_SIG_F_CDC1,macrophage_monocyte,standardized_mean,GSE244832;GSE256398,0.1359964565905945,0.1690308509457033,0.4181805565139559,False,0.0834782608695652,0.6119715461179842
RAM2019_ENDO_6_SAENDO1,endothelial,RAM2019_MES_HSC,mesenchymal_hsc_myofibroblast,singscore,GSE244832;GSE256398,0.1940543191747706,0.1643989873053573,0.231873375720414,True,0.0505675954592363,0.3661158564006537
RAM2019_ENDO_6_SAENDO1,endothelial,RAM2019_MES_HSC,mesenchymal_hsc_myofibroblast,standardized_mean,GSE244832;GSE256398,0.0152333687130693,0.1643989873053573,0.9261672142938993,False,0.1976923076923076,0.9615221327211496
RAM2019_ENDO_6_SAENDO1,endothelial,RAM2019_MES_MESOTHELIAL,mesenchymal_hsc_myofibroblast,singscore,GSE244832;GSE256398,0.1518864257595129,0.1643989873053573,0.3518051503577868,True,0.1331269349845201,0.4908909074759816
RAM2019_ENDO_6_SAENDO1,endothelial,RAM2019_MES_MESOTHELIAL,mesenchymal_hsc_myofibroblast,standardized_mean,GSE244832;GSE256398,0.1846267494676645,0.1643989873053573,0.2559278738001406,True,0.1161538461538461,0.4583782814330876
RAM2019_ENDO_6_SAENDO1,endothelial,RAM2019_MES_SAMES,mesenchymal_hsc_myofibroblast,singscore,GSE244832;GSE256398,0.036199645522484,0.1643989873053573,0.8256452261075654,False,0.1723426212590299,0.8846198851152486
RAM2019_ENDO_6_SAENDO1,endothelial,RAM2019_MES_SAMES,mesenchymal_hsc_myofibroblast,standardized_mean,GSE244832;GSE256398,0.1270035466813606,0.1643989873053573,0.437320027018299,False,0.023735810113519,0.6281945972878125
RAM2019_ENDO_6_SAENDO1,endothelial,RAM2019_MES_VSMC,mesenchymal_hsc_myofibroblast,singscore,GSE244832;GSE256398,0.320769743526913,0.1643989873053573,0.0431197331600375,True,0.240454076367389,0.1398477832217434
RAM2019_ENDO_6_SAENDO1,endothelial,RAM2019_MES_VSMC,mesenchymal_hsc_myofibroblast,standardized_mean,GSE244832;GSE256398,0.4740787499960772,0.1643989873053573,0.0017211199657082,True,0.3725490196078431,0.0129083997428121
RAM2019_ENDO_6_SAENDO1,endothelial,RAM2019_SAMES_A,mesenchymal_hsc_myofibroblast,singscore,GSE244832;GSE256398,-0.0623915538991774,0.1643989873053573,0.7039405130893157,True,0.0323076923076923,0.8085276626901142
RAM2019_ENDO_6_SAENDO1,endothelial,RAM2019_SAMES_A,mesenchymal_hsc_myofibroblast,standardized_mean,GSE244832;GSE256398,-0.2414616066063299,0.1643989873053573,0.1340448519219902,False,0.0053846153846153,0.2984319257622204
RAM2019_ENDO_6_SAENDO1,endothelial,RAM2019_SAMES_B,mesenchymal_hsc_myofibroblast,singscore,GSE244832;GSE256398,0.2290006539771306,0.1643989873053573,0.1561609422120313,True,0.067079463364293,0.2882971240837501
RAM2019_ENDO_6_SAENDO1,endothelial,RAM2019_SAMES_B,mesenchymal_hsc_myofibroblast,standardized_mean,GSE244832;GSE256398,0.340573253280765,0.1643989873053573,0.0309430440577053,True,0.2445820433436532,0.1125201602098375
RAM2019_ENDO_7_SAENDO2,endothelial,RAM2019_MAC_SIG_A_SAM,macrophage_monocyte,singscore,GSE244832;GSE256398,0.3932281886372072,0.1690308509457033,0.0139402405552364,True,0.1446078431372549,0.0522759020821368
RAM2019_ENDO_7_SAENDO2,endothelial,RAM2019_MAC_SIG_A_SAM,macrophage_monocyte,standardized_mean,GSE244832;GSE256398,0.3141881922920892,0.1690308509457033,0.0543766714856993,True,0.0318627450980392,0.1496473440858181
RAM2019_ENDO_7_SAENDO2,endothelial,RAM2019_MAC_SIG_B_SAM,macrophage_monocyte,singscore,GSE244832;GSE256398,0.6035216005065267,0.1690308509457033,3.574741028682236e-05,True,0.588695652173913,0.0008579378468837
RAM2019_ENDO_7_SAENDO2,endothelial,RAM2019_MAC_SIG_B_SAM,macrophage_monocyte,standardized_mean,GSE244832;GSE256398,0.5141787398230327,0.1690308509457033,0.000771944306391,True,0.5000000000000001,0.0103706781936893
RAM2019_ENDO_7_SAENDO2,endothelial,RAM2019_MAC_SIG_C_KC,macrophage_monocyte,singscore,GSE244832;GSE256398,0.2778078757741701,0.1690308509457033,0.0914328451636144,True,0.2083333333333333,0.2070177626345988
RAM2019_ENDO_7_SAENDO2,endothelial,RAM2019_MAC_SIG_C_KC,macrophage_monocyte,standardized_mean,GSE244832;GSE256398,0.1995296896319208,0.1690308509457033,0.231507769360343,True,0.0452173913043478,0.4340770675506431
RAM2019_ENDO_7_SAENDO2,endothelial,RAM2019_MAC_SIG_D_TMO,macrophage_monocyte,singscore,GSE244832;GSE256398,0.1073458510419713,0.1690308509457033,0.5237842703239921,False,0.3259803921568627,0.661622236198727
RAM2019_ENDO_7_SAENDO2,endothelial,RAM2019_MAC_SIG_D_TMO,macrophage_monocyte,standardized_mean,GSE244832;GSE256398,-0.0377550642748715,0.1690308509457033,0.8231711352258564,False,0.228695652173913,0.914634594695396
RAM2019_ENDO_7_SAENDO2,endothelial,RAM2019_MAC_SIG_E_TMO,macrophage_monocyte,singscore,GSE244832;GSE256398,0.4245945966070751,0.1690308509457033,0.0073257112984398,True,0.1151960784313725,0.0329059413286893
RAM2019_ENDO_7_SAENDO2,endothelial,RAM2019_MAC_SIG_E_TMO,macrophage_monocyte,standardized_mean,GSE244832;GSE256398,0.3155006566570347,0.1690308509457033,0.0533048711155328,False,0.0073529411764705,0.1496473440858181
RAM2019_ENDO_7_SAENDO2,endothelial,RAM2019_MAC_SIG_F_CDC1,macrophage_monocyte,singscore,GSE244832;GSE256398,0.552647572912258,0.1690308509457033,0.0002324152919879,True,0.4313725490196078,0.0025354395489597
RAM2019_ENDO_7_SAENDO2,endothelial,RAM2019_MAC_SIG_F_CDC1,macrophage_monocyte,standardized_mean,GSE244832;GSE256398,0.5031131928727897,0.1690308509457033,0.0010590632788331,True,0.2916666666666667,0.0115534175872709
RAM2019_ENDO_7_SAENDO2,endothelial,RAM2019_MES_HSC,mesenchymal_hsc_myofibroblast,singscore,GSE244832;GSE256398,0.0936444796722917,0.1643989873053573,0.5678024056521747,False,0.153766769865841,0.7062592500084439
RAM2019_ENDO_7_SAENDO2,endothelial,RAM2019_MES_HSC,mesenchymal_hsc_myofibroblast,standardized_mean,GSE244832;GSE256398,0.1100222477836353,0.1643989873053573,0.5016095772852609,False,0.1124871001031991,0.691875279014153
RAM2019_ENDO_7_SAENDO2,endothelial,RAM2019_MES_MESOTHELIAL,mesenchymal_hsc_myofibroblast,singscore,GSE244832;GSE256398,0.6422618102189038,0.1643989873053573,3.5667672030689625e-06,True,0.4406604747162023,0.0002140060321841
RAM2019_ENDO_7_SAENDO2,endothelial,RAM2019_MES_MESOTHELIAL,mesenchymal_hsc_myofibroblast,standardized_mean,GSE244832;GSE256398,0.5733646237996041,0.1643989873053573,7.213548076312934e-05,True,0.4385964912280701,0.002603009204259
RAM2019_ENDO_7_SAENDO2,endothelial,RAM2019_MES_SAMES,mesenchymal_hsc_myofibroblast,singscore,GSE244832;GSE256398,0.6207852112308153,0.1643989873053573,9.971125465520978e-06,True,0.3353973168214654,0.0002991337639656
RAM2019_ENDO_7_SAENDO2,endothelial,RAM2019_MES_SAMES,mesenchymal_hsc_myofibroblast,standardized_mean,GSE244832;GSE256398,0.5604923687919162,0.1643989873053573,0.0001163275815205,True,0.3642930856553147,0.0027918619564935
RAM2019_ENDO_7_SAENDO2,endothelial,RAM2019_MES_VSMC,mesenchymal_hsc_myofibroblast,singscore,GSE244832;GSE256398,0.3631782787203682,0.1643989873053573,0.0206267232572301,True,0.0072239422084623,0.0750062663899276
RAM2019_ENDO_7_SAENDO2,endothelial,RAM2019_MES_VSMC,mesenchymal_hsc_myofibroblast,standardized_mean,GSE244832;GSE256398,0.3414914608138205,0.1643989873053573,0.0304547809009048,True,0.0567595459236326,0.1125201602098375
RAM2019_ENDO_7_SAENDO2,endothelial,RAM2019_SAMES_A,mesenchymal_hsc_myofibroblast,singscore,GSE244832;GSE256398,0.2321387731726635,0.1643989873053573,0.1503596232387658,True,0.0485036119711042,0.2865446782255094
RAM2019_ENDO_7_SAENDO2,endothelial,RAM2019_SAMES_A,mesenchymal_hsc_myofibroblast,standardized_mean,GSE244832;GSE256398,-0.1559424733366011,0.1643989873053573,0.3388882332925721,True,0.0638461538461538,0.5350866841461666
RAM2019_ENDO_7_SAENDO2,endothelial,RAM2019_SAMES_B,mesenchymal_hsc_myofibroblast,singscore,GSE244832;GSE256398,0.624504040898875,0.1643989873053573,8.399415615962206e-06,True,0.3250773993808049,0.0002991337639656
RAM2019_ENDO_7_SAENDO2,endothelial,RAM2019_SAMES_B,mesenchymal_hsc_myofibroblast,standardized_mean,GSE244832;GSE256398,0.5684629636535959,0.1643989873053573,8.676697347530151e-05,True,0.1950464396284829,0.002603009204259
RAM2019_MAC_SIG_A_SAM,macrophage_monocyte,RAM2019_MES_HSC,mesenchymal_hsc_myofibroblast,singscore,GSE244832;GSE256398,0.0379780078034907,0.1690308509457033,0.8221433934712724,False,0.2208695652173913,0.8846198851152486
RAM2019_MAC_SIG_A_SAM,macrophage_monocyte,RAM2019_MES_HSC,mesenchymal_hsc_myofibroblast,standardized_mean,GSE244832;GSE256398,-0.0105809265707509,0.1690308509457033,0.9500850756154692,False,0.0617391304347826,0.9744462314004814
RAM2019_MAC_SIG_A_SAM,macrophage_monocyte,RAM2019_MES_MESOTHELIAL,mesenchymal_hsc_myofibroblast,singscore,GSE244832;GSE256398,0.4717419755206962,0.1690308509457033,0.0024385958230942,True,0.2573529411764706,0.0172136175747826
RAM2019_MAC_SIG_A_SAM,macrophage_monocyte,RAM2019_MES_MESOTHELIAL,mesenchymal_hsc_myofibroblast,standardized_mean,GSE244832;GSE256398,0.3224187830944932,0.1690308509457033,0.0479279455105763,False,0.0073529411764705,0.1474706015710042
RAM2019_MAC_SIG_A_SAM,macrophage_monocyte,RAM2019_MES_SAMES,mesenchymal_hsc_myofibroblast,singscore,GSE244832;GSE256398,0.4308891875420306,0.1690308509457033,0.0063866121485509,True,0.25,0.0329059413286893
RAM2019_MAC_SIG_A_SAM,macrophage_monocyte,RAM2019_MES_SAMES,mesenchymal_hsc_myofibroblast,standardized_mean,GSE244832;GSE256398,0.4878071872585926,0.1690308509457033,0.0016086818081125,True,0.2058823529411765,0.0128694544649005
RAM2019_MAC_SIG_A_SAM,macrophage_monocyte,RAM2019_MES_VSMC,mesenchymal_hsc_myofibroblast,singscore,GSE244832;GSE256398,0.2014278837825222,0.1690308509457033,0.2269764786759552,False,0.1029411764705882,0.3661158564006537
RAM2019_MAC_SIG_A_SAM,macrophage_monocyte,RAM2019_MES_VSMC,mesenchymal_hsc_myofibroblast,standardized_mean,GSE244832;GSE256398,0.2512066085277221,0.1690308509457033,0.1288482730273653,False,0.1617647058823529,0.2973421685246892
RAM2019_MAC_SIG_A_SAM,macrophage_monocyte,RAM2019_SAMES_A,mesenchymal_hsc_myofibroblast,singscore,GSE244832;GSE256398,0.0629007024039667,0.1690308509457033,0.7094331361575468,True,0.0278260869565217,0.8085276626901142
RAM2019_MAC_SIG_A_SAM,macrophage_monocyte,RAM2019_SAMES_A,mesenchymal_hsc_myofibroblast,standardized_mean,GSE244832;GSE256398,0.0029749874354315,0.1690308509457033,0.9859577054258593,False,0.0556521739130434,0.9985379833030468
RAM2019_MAC_SIG_A_SAM,macrophage_monocyte,RAM2019_SAMES_B,mesenchymal_hsc_myofibroblast,singscore,GSE244832;GSE256398,0.5804662079506466,0.1690308509457033,8.732968705177217e-05,True,0.5294117647058825,0.0017465937410354
RAM2019_MAC_SIG_A_SAM,macrophage_monocyte,RAM2019_SAMES_B,mesenchymal_hsc_myofibroblast,standardized_mean,GSE244832;GSE256398,0.4040487202936237,0.1690308509457033,0.0112475860168491,True,0.3700980392156863,0.0562379300842457
RAM2019_MAC_SIG_B_SAM,macrophage_monocyte,RAM2019_MES_HSC,mesenchymal_hsc_myofibroblast,singscore,GSE244832;GSE256398,0.2048424194534006,0.1690308509457033,0.2189765258508035,True,0.0147058823529411,0.359976350479366
RAM2019_MAC_SIG_B_SAM,macrophage_monocyte,RAM2019_MES_HSC,mesenchymal_hsc_myofibroblast,standardized_mean,GSE244832;GSE256398,0.0949145015271947,0.1690308509457033,0.5732870312145122,False,0.2279411764705882,0.729602502157724
RAM2019_MAC_SIG_B_SAM,macrophage_monocyte,RAM2019_MES_MESOTHELIAL,mesenchymal_hsc_myofibroblast,singscore,GSE244832;GSE256398,0.6669530875479638,0.1690308509457033,1.8995003316859864e-06,True,0.6151960784313726,0.0002140060321841
RAM2019_MAC_SIG_B_SAM,macrophage_monocyte,RAM2019_MES_MESOTHELIAL,mesenchymal_hsc_myofibroblast,standardized_mean,GSE244832;GSE256398,0.6051267078622986,0.1690308509457033,3.349027233059108e-05,True,0.375,0.002603009204259
RAM2019_MAC_SIG_B_SAM,macrophage_monocyte,RAM2019_MES_SAMES,mesenchymal_hsc_myofibroblast,singscore,GSE244832;GSE256398,0.5650099578277568,0.1690308509457033,0.0001523235553578,True,0.3529411764705882,0.0020410876542926
RAM2019_MAC_SIG_B_SAM,macrophage_monocyte,RAM2019_MES_SAMES,mesenchymal_hsc_myofibroblast,standardized_mean,GSE244832;GSE256398,0.5978582196541842,0.1690308509457033,4.485098603142853e-05,True,0.5465686274509804,0.002603009204259
RAM2019_MAC_SIG_B_SAM,macrophage_monocyte,RAM2019_MES_VSMC,mesenchymal_hsc_myofibroblast,singscore,GSE244832;GSE256398,0.4337719522580159,0.1690308509457033,0.0059920253499327,True,0.1887254901960784,0.0329059413286893
RAM2019_MAC_SIG_B_SAM,macrophage_monocyte,RAM2019_MES_VSMC,mesenchymal_hsc_myofibroblast,standardized_mean,GSE244832;GSE256398,0.429397594049363,0.1690308509457033,0.006599323384801,True,0.2230392156862745,0.0377104193417204
RAM2019_MAC_SIG_B_SAM,macrophage_monocyte,RAM2019_SAMES_A,mesenchymal_hsc_myofibroblast,singscore,GSE244832;GSE256398,0.3248329958011245,0.1690308509457033,0.046156392227953,True,0.1740196078431372,0.1400864883587408
RAM2019_MAC_SIG_B_SAM,macrophage_monocyte,RAM2019_SAMES_A,mesenchymal_hsc_myofibroblast,standardized_mean,GSE244832;GSE256398,0.2331622078992376,0.1690308509457033,0.1599464689079532,True,0.2254901960784313,0.3309237287750757
RAM2019_MAC_SIG_B_SAM,macrophage_monocyte,RAM2019_SAMES_B,mesenchymal_hsc_myofibroblast,singscore,GSE244832;GSE256398,0.492602702532535,0.1690308509457033,0.001414514775932,True,0.4826086956521738,0.0113161182074562
RAM2019_MAC_SIG_B_SAM,macrophage_monocyte,RAM2019_SAMES_B,mesenchymal_hsc_myofibroblast,standardized_mean,GSE244832;GSE256398,0.4608361334070693,0.1690308509457033,0.0031941252451382,True,0.4044117647058823,0.0212941683009214
RAM2019_MAC_SIG_C_KC,macrophage_monocyte,RAM2019_MES_HSC,mesenchymal_hsc_myofibroblast,singscore,GSE244832;GSE256398,0.3240906380566418,0.1690308509457033,0.0466954961195802,True,0.0269607843137254,0.1400864883587408
RAM2019_MAC_SIG_C_KC,macrophage_monocyte,RAM2019_MES_HSC,mesenchymal_hsc_myofibroblast,standardized_mean,GSE244832;GSE256398,0.2002560936130978,0.1690308509457033,0.2297666221943292,True,0.0245098039215686,0.4340770675506431
RAM2019_MAC_SIG_C_KC,macrophage_monocyte,RAM2019_MES_MESOTHELIAL,mesenchymal_hsc_myofibroblast,singscore,GSE244832;GSE256398,0.3646487935759397,0.1690308509457033,0.0237378442019816,True,0.3235294117647059,0.0813868944067943
RAM2019_MAC_SIG_C_KC,macrophage_monocyte,RAM2019_MES_MESOTHELIAL,mesenchymal_hsc_myofibroblast,standardized_mean,GSE244832;GSE256398,0.1184734946295651,0.1690308509457033,0.4813046153249667,True,0.0843478260869565,0.6759702394714863
RAM2019_MAC_SIG_C_KC,macrophage_monocyte,RAM2019_MES_SAMES,mesenchymal_hsc_myofibroblast,singscore,GSE244832;GSE256398,0.3213583160487723,0.1690308509457033,0.0487229885031026,True,0.1813725490196078,0.1426038687895688
RAM2019_MAC_SIG_C_KC,macrophage_monocyte,RAM2019_MES_SAMES,mesenchymal_hsc_myofibroblast,standardized_mean,GSE244832;GSE256398,0.0692431226926267,0.1690308509457033,0.6815826437393292,False,0.0339130434782608,0.7864415120069184
RAM2019_MAC_SIG_C_KC,macrophage_monocyte,RAM2019_MES_VSMC,mesenchymal_hsc_myofibroblast,singscore,GSE244832;GSE256398,0.2589183574981009,0.1690308509457033,0.117007767457051,True,0.2254901960784313,0.2463321420148443
RAM2019_MAC_SIG_C_KC,macrophage_monocyte,RAM2019_MES_VSMC,mesenchymal_hsc_myofibroblast,standardized_mean,GSE244832;GSE256398,0.1071553858542444,0.1690308509457033,0.5245268030140537,True,0.0759803921568627,0.699369070685405
RAM2019_MAC_SIG_C_KC,macrophage_monocyte,RAM2019_SAMES_A,mesenchymal_hsc_myofibroblast,singscore,GSE244832;GSE256398,0.2048384933236706,0.1690308509457033,0.218985613208281,True,0.1348039215686274,0.359976350479366
RAM2019_MAC_SIG_C_KC,macrophage_monocyte,RAM2019_SAMES_A,mesenchymal_hsc_myofibroblast,standardized_mean,GSE244832;GSE256398,0.0743352408813213,0.1690308509457033,0.659512787496965,True,0.028695652173913,0.7758973970552528
RAM2019_MAC_SIG_C_KC,macrophage_monocyte,RAM2019_SAMES_B,mesenchymal_hsc_myofibroblast,singscore,GSE244832;GSE256398,0.1720759361194984,0.1690308509457033,0.3038345045516024,True,0.0686274509803921,0.4392788017613529
RAM2019_MAC_SIG_C_KC,macrophage_monocyte,RAM2019_SAMES_B,mesenchymal_hsc_myofibroblast,standardized_mean,GSE244832;GSE256398,0.0432116864761098,0.1690308509457033,0.798102895370126,False,0.0318627450980392,0.8950686677048142
RAM2019_MAC_SIG_D_TMO,macrophage_monocyte,RAM2019_MES_HSC,mesenchymal_hsc_myofibroblast,singscore,GSE244832;GSE256398,-0.1107920881495622,0.1690308509457033,0.5104374851719096,True,0.0024509803921568,0.661622236198727
RAM2019_MAC_SIG_D_TMO,macrophage_monocyte,RAM2019_MES_HSC,mesenchymal_hsc_myofibroblast,standardized_mean,GSE244832;GSE256398,0.0259673701456854,0.1690308509457033,0.877878158630708,False,0.0147058823529411,0.952108744180956
RAM2019_MAC_SIG_D_TMO,macrophage_monocyte,RAM2019_MES_MESOTHELIAL,mesenchymal_hsc_myofibroblast,singscore,GSE244832;GSE256398,0.4723191922517775,0.1690308509457033,0.0024033457023008,True,0.2990196078431372,0.0172136175747826
RAM2019_MAC_SIG_D_TMO,macrophage_monocyte,RAM2019_MES_MESOTHELIAL,mesenchymal_hsc_myofibroblast,standardized_mean,GSE244832;GSE256398,0.3619192103208072,0.1690308509457033,0.0249134402122423,True,0.1862745098039215,0.1030900974299684
RAM2019_MAC_SIG_D_TMO,macrophage_monocyte,RAM2019_MES_SAMES,mesenchymal_hsc_myofibroblast,singscore,GSE244832;GSE256398,0.3011148303803607,0.1690308509457033,0.0660045068022576,False,0.1985294117647059,0.165011267005644
RAM2019_MAC_SIG_D_TMO,macrophage_monocyte,RAM2019_MES_SAMES,mesenchymal_hsc_myofibroblast,standardized_mean,GSE244832;GSE256398,0.3304808558134993,0.1690308509457033,0.0422152137140856,True,0.1004901960784313,0.1429921659725051
RAM2019_MAC_SIG_D_TMO,macrophage_monocyte,RAM2019_MES_VSMC,mesenchymal_hsc_myofibroblast,singscore,GSE244832;GSE256398,0.2360388911073654,0.1690308509457033,0.1546603507518999,True,0.1391304347826087,0.2882971240837501
RAM2019_MAC_SIG_D_TMO,macrophage_monocyte,RAM2019_MES_VSMC,mesenchymal_hsc_myofibroblast,standardized_mean,GSE244832;GSE256398,0.1082299706008532,0.1690308509457033,0.5203441818387977,True,0.1052173913043478,0.699369070685405
RAM2019_MAC_SIG_D_TMO,macrophage_monocyte,RAM2019_SAMES_A,mesenchymal_hsc_myofibroblast,singscore,GSE244832;GSE256398,0.3108356320830296,0.1690308509457033,0.0571916766783632,False,0.0465686274509803,0.1525111378089685
RAM2019_MAC_SIG_D_TMO,macrophage_monocyte,RAM2019_SAMES_A,mesenchymal_hsc_myofibroblast,standardized_mean,GSE244832;GSE256398,0.4936625148100616,0.1690308509457033,0.0013744791817591,True,0.4509803921568627,0.0118755723037351
RAM2019_MAC_SIG_D_TMO,macrophage_monocyte,RAM2019_SAMES_B,mesenchymal_hsc_myofibroblast,singscore,GSE244832;GSE256398,0.2911102393977076,0.1690308509457033,0.0761432861550886,False,0.1004901960784313,0.1827438867722128
RAM2019_MAC_SIG_D_TMO,macrophage_monocyte,RAM2019_SAMES_B,mesenchymal_hsc_myofibroblast,standardized_mean,GSE244832;GSE256398,0.1660718268062041,0.1690308509457033,0.3213541380038583,True,0.1052173913043478,0.5141666208061734
RAM2019_MAC_SIG_E_TMO,macrophage_monocyte,RAM2019_MES_HSC,mesenchymal_hsc_myofibroblast,singscore,GSE244832;GSE256398,0.3091694976011175,0.1690308509457033,0.0586326112249428,False,0.0441176470588235,0.1529546379781118
RAM2019_MAC_SIG_E_TMO,macrophage_monocyte,RAM2019_MES_HSC,mesenchymal_hsc_myofibroblast,standardized_mean,GSE244832;GSE256398,0.0780959752188035,0.1690308509457033,0.6433896266918313,False,0.4339130434782608,0.766198659869113
RAM2019_MAC_SIG_E_TMO,macrophage_monocyte,RAM2019_MES_MESOTHELIAL,mesenchymal_hsc_myofibroblast,singscore,GSE244832;GSE256398,0.5192086484546042,0.1690308509457033,0.0006658717985839,True,0.5156521739130434,0.0059622431108317
RAM2019_MAC_SIG_E_TMO,macrophage_monocyte,RAM2019_MES_MESOTHELIAL,mesenchymal_hsc_myofibroblast,standardized_mean,GSE244832;GSE256398,0.4966826852601023,0.1690308509457033,0.0012657717678259,True,0.4387254901960785,0.0118755723037351
RAM2019_MAC_SIG_E_TMO,macrophage_monocyte,RAM2019_MES_SAMES,mesenchymal_hsc_myofibroblast,singscore,GSE244832;GSE256398,0.4362744169674823,0.1690308509457033,0.0056665413078941,True,0.2181372549019608,0.0329059413286893
RAM2019_MAC_SIG_E_TMO,macrophage_monocyte,RAM2019_MES_SAMES,mesenchymal_hsc_myofibroblast,standardized_mean,GSE244832;GSE256398,0.4314127315371688,0.1690308509457033,0.0063133492880185,True,0.3186274509803922,0.0377104193417204
RAM2019_MAC_SIG_E_TMO,macrophage_monocyte,RAM2019_MES_VSMC,mesenchymal_hsc_myofibroblast,singscore,GSE244832;GSE256398,0.4682531087958497,0.1690308509457033,0.0026613516660187,True,0.3284313725490196,0.0177423444401251
RAM2019_MAC_SIG_E_TMO,macrophage_monocyte,RAM2019_MES_VSMC,mesenchymal_hsc_myofibroblast,standardized_mean,GSE244832;GSE256398,0.5391275716147752,0.1690308509457033,0.0003611580812744,True,0.4411764705882353,0.007223161625489
RAM2019_MAC_SIG_E_TMO,macrophage_monocyte,RAM2019_SAMES_A,mesenchymal_hsc_myofibroblast,singscore,GSE244832;GSE256398,0.275040204681632,0.1690308509457033,0.0948879108715216,True,0.2504347826086956,0.2108620241589369
RAM2019_MAC_SIG_E_TMO,macrophage_monocyte,RAM2019_SAMES_A,mesenchymal_hsc_myofibroblast,standardized_mean,GSE244832;GSE256398,0.2191669243103179,0.1690308509457033,0.1875072751426916,True,0.1339130434782608,0.3750145502853831
RAM2019_MAC_SIG_E_TMO,macrophage_monocyte,RAM2019_SAMES_B,mesenchymal_hsc_myofibroblast,singscore,GSE244832;GSE256398,0.4325279835313415,0.1690308509457033,0.0061596691416263,True,0.2426470588235294,0.0329059413286893
RAM2019_MAC_SIG_E_TMO,macrophage_monocyte,RAM2019_SAMES_B,mesenchymal_hsc_myofibroblast,standardized_mean,GSE244832;GSE256398,0.5080206618240156,0.1690308509457033,0.000921857450788,True,0.3455882352941176,0.0110622894094563
RAM2019_MAC_SIG_F_CDC1,macrophage_monocyte,RAM2019_MES_HSC,mesenchymal_hsc_myofibroblast,singscore,GSE244832;GSE256398,0.3241674733506026,0.1690308509457033,0.0466394667233922,True,0.1813725490196078,0.1400864883587408
RAM2019_MAC_SIG_F_CDC1,macrophage_monocyte,RAM2019_MES_HSC,mesenchymal_hsc_myofibroblast,standardized_mean,GSE244832;GSE256398,0.2851048750834528,0.1690308509457033,0.0827813125037104,False,0.0245098039215686,0.202729744907046
RAM2019_MAC_SIG_F_CDC1,macrophage_monocyte,RAM2019_MES_MESOTHELIAL,mesenchymal_hsc_myofibroblast,singscore,GSE244832;GSE256398,0.5618359117245294,0.1690308509457033,0.0001700906378577,True,0.5539130434782608,0.0020410876542926
RAM2019_MAC_SIG_F_CDC1,macrophage_monocyte,RAM2019_MES_MESOTHELIAL,mesenchymal_hsc_myofibroblast,standardized_mean,GSE244832;GSE256398,0.3260534706751342,0.1690308509457033,0.0452808525579599,True,0.1985294117647059,0.1429921659725051
RAM2019_MAC_SIG_F_CDC1,macrophage_monocyte,RAM2019_MES_SAMES,mesenchymal_hsc_myofibroblast,singscore,GSE244832;GSE256398,0.563604080073334,0.1690308509457033,0.0001599774497063,True,0.4338235294117647,0.0020410876542926
RAM2019_MAC_SIG_F_CDC1,macrophage_monocyte,RAM2019_MES_SAMES,mesenchymal_hsc_myofibroblast,standardized_mean,GSE244832;GSE256398,0.3271372517545151,0.1690308509457033,0.0445145106836297,True,0.2818627450980392,0.1429921659725051
RAM2019_MAC_SIG_F_CDC1,macrophage_monocyte,RAM2019_MES_VSMC,mesenchymal_hsc_myofibroblast,singscore,GSE244832;GSE256398,0.4048061616237229,0.1690308509457033,0.0110767410104653,True,0.2843137254901961,0.0428777071372851
RAM2019_MAC_SIG_F_CDC1,macrophage_monocyte,RAM2019_MES_VSMC,mesenchymal_hsc_myofibroblast,standardized_mean,GSE244832;GSE256398,0.1409457728287026,0.1690308509457033,0.4012253335708302,False,0.0318627450980392,0.5944079015864152
RAM2019_MAC_SIG_F_CDC1,macrophage_monocyte,RAM2019_SAMES_A,mesenchymal_hsc_myofibroblast,singscore,GSE244832;GSE256398,0.2794514619385387,0.1690308509457033,0.0894267438523019,True,0.2181372549019608,0.2063694088899274
RAM2019_MAC_SIG_F_CDC1,macrophage_monocyte,RAM2019_SAMES_A,mesenchymal_hsc_myofibroblast,standardized_mean,GSE244832;GSE256398,0.00030972658065,0.1690308509457033,0.9985379833030468,False,0.0643478260869565,0.9985379833030468
RAM2019_MAC_SIG_F_CDC1,macrophage_monocyte,RAM2019_SAMES_B,mesenchymal_hsc_myofibroblast,singscore,GSE244832;GSE256398,0.4241024425083031,0.1690308509457033,0.0074038367989551,True,0.3660869565217391,0.0329059413286893
RAM2019_MAC_SIG_F_CDC1,macrophage_monocyte,RAM2019_SAMES_B,mesenchymal_hsc_myofibroblast,standardized_mean,GSE244832;GSE256398,0.3531141095183062,0.1690308509457033,0.0290346433661446,True,0.3052173913043478,0.1125201602098375
