dataset_id,contrast,lineage,program_id,score_method,cell_gate,analysis_tier,coverage_tier,n_control,n_case,mean_control,mean_case,mean_difference,pooled_sd,cohens_d,hedges_g,robust_se_g_hc3,robust_ci95_low,robust_ci95_high,conventional_se_g,conventional_ci95_low,conventional_ci95_high,permutation_p_two_sided,permutation_mode
GSE256398_human,alcohol_cirrhosis_vs_alcohol_hepatitis,endothelial,RAM2019_ENDO_1,singscore,30,primary,primary,5,4,0.6562530668324119,0.7404447280350795,0.0841916612026676,0.0811074130437805,1.0380267110383887,0.9226904098119012,0.6858268569433502,-0.4215302297970653,2.266911049420868,0.7147106103851132,-0.4781423865429206,2.3235232061667226,0.1746031746031746,exact_126_allocations
GSE256398_human,alcohol_cirrhosis_vs_alcohol_hepatitis,endothelial,RAM2019_ENDO_1,standardized_mean,30,primary,primary,5,4,-0.792910365279164,-0.3044804819864937,0.4884298832926703,0.3509274769270264,1.391825705897167,1.237178405241926,0.6862100849168726,-0.1077933611951442,2.5821501716789967,0.7478832226642337,-0.2286727111799718,2.703029521663824,0.0714285714285714,exact_126_allocations
GSE256398_human,alcohol_cirrhosis_vs_alcohol_hepatitis,endothelial,RAM2019_ENDO_2,singscore,30,primary,primary,5,4,0.508993673003841,0.6078539421906191,0.098860269186778,0.0838198589295562,1.179437312938716,1.048388722612192,0.6389907513368845,-0.2040331500081016,2.3008105952324858,0.7269858965865462,-0.3765036346974386,2.4732810799218226,0.119047619047619,exact_126_allocations
GSE256398_human,alcohol_cirrhosis_vs_alcohol_hepatitis,endothelial,RAM2019_ENDO_2,standardized_mean,30,primary,primary,5,4,-0.222576751853015,0.4058623890144243,0.6284391408674392,0.2389121706167636,2.6304191169712805,2.338150326196694,0.6410181193140562,1.0817548123411438,3.594545840052244,0.9167858040806676,0.5412501501985854,4.135050502194803,0.0079365079365079,exact_126_allocations
GSE256398_human,alcohol_cirrhosis_vs_alcohol_hepatitis,endothelial,RAM2019_ENDO_3,singscore,30,primary,primary,5,4,0.607188457701703,0.6875089067607892,0.0803204490590862,0.0681234169834325,1.1790431633606986,1.048038367431732,0.6666467708849143,-0.2585893035027,2.354666038366164,0.7269498125538443,-0.3767832651738028,2.472860000037267,0.1428571428571428,exact_126_allocations
GSE256398_human,alcohol_cirrhosis_vs_alcohol_hepatitis,endothelial,RAM2019_ENDO_3,standardized_mean,30,primary,primary,5,4,-0.6077988123537402,-0.036262263131322,0.5715365492224183,0.2704214094271975,2.1135033296107664,1.878669626320681,0.7348265847208145,0.4384095202678846,3.318929732373477,0.8379140581936572,0.2363580722611129,3.5209811803802493,0.0238095238095238,exact_126_allocations
GSE256398_human,alcohol_cirrhosis_vs_alcohol_hepatitis,endothelial,RAM2019_ENDO_4,singscore,30,primary,primary,5,4,0.5551214294459157,0.5925386454285954,0.0374172159826796,0.0881412813084947,0.4245140917763528,0.377345859356758,0.7264670121576722,-1.0465294844722794,1.8012212031857957,0.6783588334867833,-0.9522374542773372,1.7069291729908531,0.5,exact_126_allocations
GSE256398_human,alcohol_cirrhosis_vs_alcohol_hepatitis,endothelial,RAM2019_ENDO_4,standardized_mean,30,primary,primary,5,4,-0.5133888732314519,-0.241016985166777,0.2723718880646748,0.3568705180664603,0.7632232820474981,0.6784206951533316,0.7477902699174325,-0.7872482338848361,2.1440896241914995,0.6948923164065643,-0.6835682450035345,2.0404096353101977,0.2777777777777778,exact_126_allocations
GSE256398_human,alcohol_cirrhosis_vs_alcohol_hepatitis,endothelial,RAM2019_ENDO_5,singscore,30,primary,primary,5,4,0.6966379868501447,0.6610411309149271,-0.0355968559352175,0.0829682024314754,-0.4290421497876549,-0.3813707998112488,0.6933992381359613,-1.7404333065577329,0.9776917069352352,0.6785195905661442,-1.7112691973208911,0.9485275976983938,0.5396825396825397,exact_126_allocations
GSE256398_human,alcohol_cirrhosis_vs_alcohol_hepatitis,endothelial,RAM2019_ENDO_5,standardized_mean,30,primary,primary,5,4,0.1119240532791196,0.0589674400213322,-0.0529566132577873,0.3318193286684322,-0.1595947212306726,-0.1418619744272645,0.6899148131084262,-1.4940950081197797,1.2103710592652508,0.6718909786027366,-1.4587682924886285,1.1750443436340994,0.8174603174603174,exact_126_allocations
GSE256398_human,alcohol_cirrhosis_vs_alcohol_hepatitis,endothelial,RAM2019_ENDO_6_SAENDO1,singscore,30,primary,primary,5,4,0.7258201463099109,0.8123343081253929,0.086514161815482,0.1371481445734452,0.6308081096142876,0.5607183196571445,0.6426531857938599,-0.6988819244988208,1.8203185638131096,0.6873554411136275,-0.7864983449255653,1.907934984239854,0.365079365079365,exact_126_allocations
GSE256398_human,alcohol_cirrhosis_vs_alcohol_hepatitis,endothelial,RAM2019_ENDO_6_SAENDO1,standardized_mean,30,primary,primary,5,4,0.1035546746347444,0.472865726819913,0.3693110521851686,0.5654739503865407,0.6531000268583882,0.5805333572074561,0.6722928524155762,-0.7371606335270732,1.898227347941985,0.6885294359736429,-0.7689843373008839,1.9300510517157965,0.3174603174603174,exact_126_allocations
GSE256398_human,alcohol_cirrhosis_vs_alcohol_hepatitis,endothelial,RAM2019_ENDO_7_SAENDO2,singscore,30,primary,primary,5,4,0.5289809041690285,0.3152304888298184,-0.21375041533921,0.182866808309726,-1.168885798986417,-1.0390095990990371,0.7533561911794505,-2.5155877338107606,0.4375685356126857,0.7260234621858178,-2.46201558498324,0.3839963867851654,0.0952380952380952,exact_126_allocations
GSE256398_human,alcohol_cirrhosis_vs_alcohol_hepatitis,endothelial,RAM2019_ENDO_7_SAENDO2,standardized_mean,30,primary,primary,5,4,0.3066221196734256,-0.2302254389038957,-0.5368475585773214,0.5198971154799035,-1.03260345670849,-0.9178697392964356,0.7382439125705044,-2.364827807934624,0.5290883293417529,0.7142670998161136,-2.3178332549360183,0.4820937763431471,0.1666666666666666,exact_126_allocations
GSE256398_human,alcohol_cirrhosis_vs_alcohol_hepatitis,macrophage_monocyte,RAM2019_MAC_SIG_A_SAM,singscore,30,primary,primary,3,4,0.5828265100156645,0.4485949171411191,-0.1342315928745454,0.085022241888623,-1.578782091518892,-1.329500708647488,0.6316585603355284,-2.5675514869051232,-0.0914499303898523,0.8718317192914872,-3.0382908784588025,0.3792894611638269,0.1142857142857142,exact_35_allocations
GSE256398_human,alcohol_cirrhosis_vs_alcohol_hepatitis,macrophage_monocyte,RAM2019_MAC_SIG_A_SAM,standardized_mean,30,primary,primary,3,4,0.3452678884365558,-0.0074944784194123,-0.3527623668559682,0.2873017983170857,-1.2278460104403377,-1.0339755877392316,0.6715954381162499,-2.3503026464470813,0.2823514709686181,0.8308091748033373,-2.662361570353773,0.5944103948753094,0.1714285714285714,exact_35_allocations
GSE256398_human,alcohol_cirrhosis_vs_alcohol_hepatitis,macrophage_monocyte,RAM2019_MAC_SIG_B_SAM,singscore,30,primary,primary,3,4,0.6759958610090964,0.541706917142558,-0.1342889438665383,0.0802085790096517,-1.6742466395069646,-1.4098919069532332,0.6766646367851593,-2.7361545950521453,-0.083629218854321,0.8843714447349348,-3.143259938633705,0.3234761247272388,0.1428571428571428,exact_35_allocations
GSE256398_human,alcohol_cirrhosis_vs_alcohol_hepatitis,macrophage_monocyte,RAM2019_MAC_SIG_B_SAM,standardized_mean,30,primary,primary,3,4,0.2038362007369019,-0.09704180480227,-0.300878005539172,0.1773243592837126,-1.696766348146099,-1.428855872123031,0.6668476190457165,-2.735877205452635,-0.1218345387934263,0.8874098510065009,-3.1681791800957724,0.310467435849711,0.1142857142857142,exact_35_allocations
GSE256398_human,alcohol_cirrhosis_vs_alcohol_hepatitis,macrophage_monocyte,RAM2019_MAC_SIG_C_KC,singscore,30,primary,primary,3,4,0.7965095899622826,0.7273291464135525,-0.0691804435487301,0.0771474940725578,-0.8967296265471093,-0.7551407381449341,0.6711609674046126,-2.0706162342579746,0.5603347579681065,0.8002231481117883,-2.323578108444039,0.8132966321541709,0.2285714285714285,exact_35_allocations
GSE256398_human,alcohol_cirrhosis_vs_alcohol_hepatitis,macrophage_monocyte,RAM2019_MAC_SIG_C_KC,standardized_mean,30,primary,primary,3,4,0.0283873016496326,-0.234152907370979,-0.2625402090206116,0.4336346419919199,-0.6054410409062836,-0.5098450870789756,0.673425031491341,-1.829758148802004,0.8100679746440528,0.7805943470299987,-2.039810007257773,1.0201198330998218,0.5428571428571428,exact_35_allocations
GSE256398_human,alcohol_cirrhosis_vs_alcohol_hepatitis,macrophage_monocyte,RAM2019_MAC_SIG_D_TMO,singscore,30,primary,primary,3,4,0.3385318601305797,0.2484314715507634,-0.0901003885798162,0.0655499361274813,-1.3745305320296453,-1.1574993953933854,0.6410925329357575,-2.4140407599474702,0.0990419691606991,0.8469438106314602,-2.817509264231047,0.5025104734442765,0.1714285714285714,exact_35_allocations
GSE256398_human,alcohol_cirrhosis_vs_alcohol_hepatitis,macrophage_monocyte,RAM2019_MAC_SIG_D_TMO,standardized_mean,30,primary,primary,3,4,0.1078456225414095,-0.1226539942607492,-0.2304996168021588,0.1978230361021317,-1.1651808674251507,-0.9812049409896004,0.649214282025643,-2.2536649337598607,0.2912550517806597,0.8243844048473831,-2.596998374490471,0.6345884925112703,0.2285714285714285,exact_35_allocations
GSE256398_human,alcohol_cirrhosis_vs_alcohol_hepatitis,macrophage_monocyte,RAM2019_MAC_SIG_E_TMO,singscore,30,primary,primary,3,4,0.6663339882195579,0.6006460800304328,-0.065687908189125,0.0534948688059119,-1.227929138913332,-1.0340455906638584,0.7340113224968762,-2.472707782757736,0.404616601430019,0.8308178871993971,-2.6624486495746766,0.5943574682469599,0.2,exact_35_allocations
GSE256398_human,alcohol_cirrhosis_vs_alcohol_hepatitis,macrophage_monocyte,RAM2019_MAC_SIG_E_TMO,standardized_mean,30,primary,primary,3,4,0.231070494284802,0.0018091343213008,-0.2292613599635012,0.1845578367765104,-1.2422195880044062,-1.046079653056342,0.786264596874161,-2.587158262929697,0.4949989568170132,0.8323230126502458,-2.6774327578508235,0.5852734517381395,0.2285714285714285,exact_35_allocations
GSE256398_human,alcohol_cirrhosis_vs_alcohol_hepatitis,macrophage_monocyte,RAM2019_MAC_SIG_F_CDC1,singscore,30,primary,primary,3,4,0.5348352229600771,0.4637277274731161,-0.071107495486961,0.0577910001531324,-1.2304250713526854,-1.0361474285075245,0.6882316581924159,-2.3850814785646595,0.3127866215496107,0.8310797089892215,-2.6650636581263987,0.5927688011113494,0.2,exact_35_allocations
GSE256398_human,alcohol_cirrhosis_vs_alcohol_hepatitis,macrophage_monocyte,RAM2019_MAC_SIG_F_CDC1,standardized_mean,30,primary,primary,3,4,0.1190394501072005,-0.0185488814550958,-0.1375883315622963,0.2245357034522136,-0.6127681675871133,-0.516015299020727,0.6846867967184034,-1.8580014205887976,0.8259708225473437,0.7809996877180415,-2.0467746869480883,1.0147440889066344,0.5428571428571428,exact_35_allocations
GSE256398_human,alcohol_cirrhosis_vs_alcohol_hepatitis,mesenchymal_hsc_myofibroblast,RAM2019_MES_HSC,singscore,30,primary,primary,4,4,0.3549659125064895,0.4836171680738858,0.1286512555673962,0.2407208353419288,0.5344417128856139,0.4647319242483599,0.7099970268936753,-0.9268622484632436,1.8563260969599635,0.719720765379161,-0.9459207758947956,1.8753846243915155,0.5714285714285714,exact_70_allocations
GSE256398_human,alcohol_cirrhosis_vs_alcohol_hepatitis,mesenchymal_hsc_myofibroblast,RAM2019_MES_HSC,standardized_mean,30,primary,primary,4,4,-0.4477339834694012,-0.0577627035989857,0.3899712798704154,0.7523961217232606,0.5183058080858252,0.4507007026833262,0.7099970268936755,-0.9408934700282776,1.8422948753949304,0.71897676848185,-0.9584937635410996,1.8598951689077523,0.4857142857142857,exact_70_allocations
GSE256398_human,alcohol_cirrhosis_vs_alcohol_hepatitis,mesenchymal_hsc_myofibroblast,RAM2019_MES_MESOTHELIAL,singscore,30,primary,primary,4,4,0.4603569470265501,0.3380330682551888,-0.1223238787713613,0.0809500973625798,-1.5111023057015749,-1.314002004957891,0.7099970268936755,-2.705596177669495,0.0775921677537128,0.8024234786483463,-2.8867520231086496,0.2587480131928676,0.0285714285714285,exact_70_allocations
GSE256398_human,alcohol_cirrhosis_vs_alcohol_hepatitis,mesenchymal_hsc_myofibroblast,RAM2019_MES_MESOTHELIAL,standardized_mean,30,primary,primary,4,4,0.0332191515244336,-0.235412990421351,-0.2686321419457847,0.206129085419862,-1.3032228877288756,-1.1332372936772832,0.7099970268936755,-2.524831466388888,0.2583568790343207,0.7791141745480896,-2.660301075791539,0.3938264884369724,0.1428571428571428,exact_70_allocations
GSE256398_human,alcohol_cirrhosis_vs_alcohol_hepatitis,mesenchymal_hsc_myofibroblast,RAM2019_MES_SAMES,singscore,30,primary,primary,4,4,0.6575550379240898,0.6340093312776462,-0.0235457066464435,0.0638853327353133,-0.368562010062575,-0.3204887044022391,0.7099970268936754,-1.7120828771138428,1.0711054683093646,0.7131335200863759,-1.7182304037715357,1.0772529949670575,0.6285714285714286,exact_70_allocations
GSE256398_human,alcohol_cirrhosis_vs_alcohol_hepatitis,mesenchymal_hsc_myofibroblast,RAM2019_MES_SAMES,standardized_mean,30,primary,primary,4,4,-0.168506505993115,0.0241230164306549,0.1926295224237699,0.2127369302558065,0.9054822883461824,0.7873759029097239,0.7099970268936753,-0.6042182698018795,2.1789700756213275,0.7427404668120904,-0.6683954120419732,2.243147217861421,0.2857142857142857,exact_70_allocations
GSE256398_human,alcohol_cirrhosis_vs_alcohol_hepatitis,mesenchymal_hsc_myofibroblast,RAM2019_MES_VSMC,singscore,30,primary,primary,4,4,0.5267618156468317,0.571074685177039,0.0443128695302073,0.0754983510341805,0.5869382433285916,0.510381081155297,0.7099970268936754,-0.8812130915563067,1.9019752538669008,0.7222931565507901,-0.9053135056842516,1.9260756679948456,0.4857142857142857,exact_70_allocations
GSE256398_human,alcohol_cirrhosis_vs_alcohol_hepatitis,mesenchymal_hsc_myofibroblast,RAM2019_MES_VSMC,standardized_mean,30,primary,primary,4,4,-0.062628280634569,0.2881494814434538,0.3507777620780228,0.2033281152699587,1.7251808074466004,1.500157223866609,0.7099970268936756,0.1085630511550048,2.891751396578213,0.8291799008819483,-0.1250353818620095,3.125349829595228,0.0857142857142857,exact_70_allocations
GSE256398_human,alcohol_cirrhosis_vs_alcohol_hepatitis,mesenchymal_hsc_myofibroblast,RAM2019_SAMES_A,singscore,30,primary,primary,4,4,0.7378038218186458,0.7629413121932679,0.025137490374622,0.0682754893439349,0.3681773739913168,0.3201542382533189,0.7099970268936754,-1.0714399344582848,1.7117484109649226,0.7131210005012919,-1.0775629227292132,1.717871399235851,0.6857142857142857,exact_70_allocations
GSE256398_human,alcohol_cirrhosis_vs_alcohol_hepatitis,mesenchymal_hsc_myofibroblast,RAM2019_SAMES_A,standardized_mean,30,primary,primary,4,4,-0.4749312673224475,0.1600498282586926,0.6349810955811401,0.2858419131710997,2.2214415252708304,1.9316882828442004,0.7099970268936754,0.5400941101325967,3.323282455555804,0.9005285310156094,0.166652362053606,3.696724203634795,0.0285714285714285,exact_70_allocations
GSE256398_human,alcohol_cirrhosis_vs_alcohol_hepatitis,mesenchymal_hsc_myofibroblast,RAM2019_SAMES_B,singscore,30,primary,primary,4,4,0.5878121205318423,0.5545375463014928,-0.0332745742303495,0.0783373032286764,-0.4247602720407268,-0.3693567582962842,0.7099970268936753,-1.7609509310078877,1.0222374144153192,0.7151004833179705,-1.7709537055995064,1.032240189006938,0.4857142857142857,exact_70_allocations
GSE256398_human,alcohol_cirrhosis_vs_alcohol_hepatitis,mesenchymal_hsc_myofibroblast,RAM2019_SAMES_B,standardized_mean,30,primary,primary,4,4,0.2136644483325628,0.0199028291611405,-0.1937616191714222,0.2814295336033184,-0.688490709168192,-0.5986875731897322,0.7099970268936754,-1.990281745901336,0.7929065995218715,0.7279209440987743,-2.0254126236233296,0.8280374772438653,0.4285714285714285,exact_70_allocations
